year,sport,c1,c2,c
2008,Aquatics,AUS,AUT,1
2008,Aquatics,AUS,BRA,1
2008,Aquatics,AUS,CAN,1
2008,Aquatics,AUS,CHN,5
2008,Aquatics,AUS,FRA,3
2008,Aquatics,AUS,GER,2
2008,Aquatics,AUS,JPN,2
2008,Aquatics,AUS,MEX,1
2008,Aquatics,AUS,NED,2
2008,Aquatics,AUS,NOR,1
2008,Aquatics,AUS,RUS,2
2008,Aquatics,AUS,SRB,1
2008,Aquatics,AUS,TUN,1
2008,Aquatics,AUS,USA,17
2008,Aquatics,AUS,ZIM,2
2008,Aquatics,AUT,AUS,1
2008,Aquatics,AUT,USA,1
2008,Aquatics,BRA,AUS,1
2008,Aquatics,BRA,FRA,2
2008,Aquatics,CAN,AUS,1
2008,Aquatics,CAN,CHN,2
2008,Aquatics,CAN,TUN,1
2008,Aquatics,CHN,AUS,5
2008,Aquatics,CHN,CAN,2
2008,Aquatics,CHN,ESP,1
2008,Aquatics,CHN,GER,2
2008,Aquatics,CHN,ITA,1
2008,Aquatics,CHN,KOR,1
2008,Aquatics,CHN,MEX,1
2008,Aquatics,CHN,RUS,6
2008,Aquatics,CHN,SLO,1
2008,Aquatics,CHN,UKR,1
2008,Aquatics,CHN,USA,3
2008,Aquatics,DEN,GBR,1
2008,Aquatics,DEN,ITA,1
2008,Aquatics,ESP,CHN,1
2008,Aquatics,ESP,JPN,1
2008,Aquatics,ESP,RUS,2
2008,Aquatics,FRA,AUS,3
2008,Aquatics,FRA,BRA,2
2008,Aquatics,FRA,JPN,2
2008,Aquatics,FRA,NOR,1
2008,Aquatics,FRA,USA,2
2008,Aquatics,GBR,DEN,1
2008,Aquatics,GBR,GER,1
2008,Aquatics,GBR,ITA,1
2008,Aquatics,GBR,NED,1
2008,Aquatics,GBR,RUS,1
2008,Aquatics,GBR,USA,1
2008,Aquatics,GER,AUS,2
2008,Aquatics,GER,CHN,2
2008,Aquatics,GER,GBR,1
2008,Aquatics,GER,NED,1
2008,Aquatics,GER,RUS,2
2008,Aquatics,GER,USA,2
2008,Aquatics,HUN,JPN,1
2008,Aquatics,HUN,SRB,1
2008,Aquatics,HUN,USA,4
2008,Aquatics,ITA,CHN,1
2008,Aquatics,ITA,DEN,1
2008,Aquatics,ITA,GBR,1
2008,Aquatics,ITA,SLO,1
2008,Aquatics,JPN,AUS,2
2008,Aquatics,JPN,ESP,1
2008,Aquatics,JPN,FRA,2
2008,Aquatics,JPN,HUN,1
2008,Aquatics,JPN,NOR,1
2008,Aquatics,JPN,RUS,1
2008,Aquatics,JPN,USA,3
2008,Aquatics,JPN,ZIM,1
2008,Aquatics,KOR,CHN,1
2008,Aquatics,KOR,USA,2
2008,Aquatics,MEX,AUS,1
2008,Aquatics,MEX,CHN,1
2008,Aquatics,NED,AUS,2
2008,Aquatics,NED,GBR,1
2008,Aquatics,NED,GER,1
2008,Aquatics,NED,USA,2
2008,Aquatics,NOR,AUS,1
2008,Aquatics,NOR,FRA,1
2008,Aquatics,NOR,JPN,1
2008,Aquatics,NOR,USA,1
2008,Aquatics,RUS,AUS,2
2008,Aquatics,RUS,CHN,6
2008,Aquatics,RUS,ESP,2
2008,Aquatics,RUS,GBR,1
2008,Aquatics,RUS,GER,2
2008,Aquatics,RUS,JPN,1
2008,Aquatics,RUS,UKR,1
2008,Aquatics,RUS,USA,3
2008,Aquatics,SLO,CHN,1
2008,Aquatics,SLO,ITA,1
2008,Aquatics,SRB,AUS,1
2008,Aquatics,SRB,HUN,1
2008,Aquatics,SRB,USA,2
2008,Aquatics,TUN,AUS,1
2008,Aquatics,TUN,CAN,1
2008,Aquatics,UKR,CHN,1
2008,Aquatics,UKR,RUS,1
2008,Aquatics,USA,AUS,17
2008,Aquatics,USA,AUT,1
2008,Aquatics,USA,CHN,3
2008,Aquatics,USA,FRA,2
2008,Aquatics,USA,GBR,1
2008,Aquatics,USA,GER,2
2008,Aquatics,USA,HUN,4
2008,Aquatics,USA,JPN,3
2008,Aquatics,USA,KOR,2
2008,Aquatics,USA,NED,2
2008,Aquatics,USA,NOR,1
2008,Aquatics,USA,RUS,3
2008,Aquatics,USA,SRB,2
2008,Aquatics,USA,ZIM,4
2008,Aquatics,ZIM,AUS,2
2008,Aquatics,ZIM,JPN,1
2008,Aquatics,ZIM,USA,4
2008,Archery,CHN,FRA,1
2008,Archery,CHN,ITA,1
2008,Archery,CHN,KOR,3
2008,Archery,FRA,CHN,1
2008,Archery,FRA,KOR,1
2008,Archery,ITA,CHN,1
2008,Archery,ITA,KOR,1
2008,Archery,KOR,CHN,3
2008,Archery,KOR,FRA,1
2008,Archery,KOR,ITA,1
2008,Archery,KOR,RUS,1
2008,Archery,KOR,UKR,1
2008,Archery,RUS,KOR,1
2008,Archery,RUS,UKR,1
2008,Archery,UKR,KOR,1
2008,Archery,UKR,RUS,1
2008,Athletics,AUS,CAN,1
2008,Athletics,AUS,ECU,1
2008,Athletics,AUS,ITA,1
2008,Athletics,AUS,RUS,3
2008,Athletics,AUS,UKR,1
2008,Athletics,AUS,USA,1
2008,Athletics,BAH,GBR,1
2008,Athletics,BAH,POR,1
2008,Athletics,BAH,RUS,1
2008,Athletics,BAH,USA,1
2008,Athletics,BEL,CRO,1
2008,Athletics,BEL,NGR,1
2008,Athletics,BEL,RUS,2
2008,Athletics,BLR,CHN,1
2008,Athletics,BLR,CUB,2
2008,Athletics,BLR,NZL,1
2008,Athletics,BLR,POL,1
2008,Athletics,BLR,SLO,1
2008,Athletics,BLR,USA,2
2008,Athletics,BRA,NGR,1
2008,Athletics,BRA,RUS,1
2008,Athletics,CAN,AUS,1
2008,Athletics,CAN,USA,1
2008,Athletics,CHN,BLR,1
2008,Athletics,CHN,CUB,1
2008,Athletics,CHN,KEN,1
2008,Athletics,CHN,ROU,1
2008,Athletics,CMR,GRE,1
2008,Athletics,CMR,RUS,1
2008,Athletics,CRO,BEL,1
2008,Athletics,CRO,RUS,1
2008,Athletics,CUB,BLR,2
2008,Athletics,CUB,CHN,1
2008,Athletics,CUB,PAN,1
2008,Athletics,CUB,RSA,1
2008,Athletics,CUB,UKR,1
2008,Athletics,CUB,USA,3
2008,Athletics,CZE,GER,1
2008,Athletics,CZE,RUS,1
2008,Athletics,ECU,AUS,1
2008,Athletics,ECU,RUS,1
2008,Athletics,EST,LTU,1
2008,Athletics,EST,POL,1
2008,Athletics,ETH,KEN,3
2008,Athletics,ETH,MAR,1
2008,Athletics,ETH,TUR,2
2008,Athletics,ETH,USA,1
2008,Athletics,FIN,LAT,1
2008,Athletics,FIN,NOR,1
2008,Athletics,FRA,KEN,2
2008,Athletics,FRA,NZL,1
2008,Athletics,GBR,BAH,1
2008,Athletics,GBR,JAM,2
2008,Athletics,GBR,POR,1
2008,Athletics,GBR,RUS,1
2008,Athletics,GBR,USA,2
2008,Athletics,GER,CZE,1
2008,Athletics,GER,RUS,1
2008,Athletics,GRE,CMR,1
2008,Athletics,GRE,RUS,1
2008,Athletics,ITA,AUS,1
2008,Athletics,ITA,NOR,1
2008,Athletics,ITA,RUS,2
2008,Athletics,JAM,GBR,2
2008,Athletics,JAM,JPN,1
2008,Athletics,JAM,RUS,1
2008,Athletics,JAM,TRI,2
2008,Athletics,JAM,USA,6
2008,Athletics,JPN,JAM,1
2008,Athletics,JPN,TRI,1
2008,Athletics,KEN,CHN,1
2008,Athletics,KEN,ETH,3
2008,Athletics,KEN,FRA,2
2008,Athletics,KEN,MAR,2
2008,Athletics,KEN,NZL,1
2008,Athletics,KEN,ROU,1
2008,Athletics,KEN,RUS,1
2008,Athletics,KEN,SUD,1
2008,Athletics,KEN,UKR,1
2008,Athletics,LAT,FIN,1
2008,Athletics,LAT,NOR,1
2008,Athletics,LTU,EST,1
2008,Athletics,LTU,POL,1
2008,Athletics,MAR,ETH,1
2008,Athletics,MAR,KEN,2
2008,Athletics,NGR,BEL,1
2008,Athletics,NGR,BRA,1
2008,Athletics,NGR,RUS,2
2008,Athletics,NOR,FIN,1
2008,Athletics,NOR,ITA,1
2008,Athletics,NOR,LAT,1
2008,Athletics,NOR,RUS,1
2008,Athletics,NZL,BLR,1
2008,Athletics,NZL,FRA,1
2008,Athletics,NZL,KEN,1
2008,Athletics,PAN,CUB,1
2008,Athletics,PAN,RSA,1
2008,Athletics,POL,BLR,1
2008,Athletics,POL,EST,1
2008,Athletics,POL,LTU,1
2008,Athletics,POL,USA,1
2008,Athletics,POR,BAH,1
2008,Athletics,POR,GBR,1
2008,Athletics,ROU,CHN,1
2008,Athletics,ROU,KEN,1
2008,Athletics,RSA,CUB,1
2008,Athletics,RSA,PAN,1
2008,Athletics,RUS,AUS,3
2008,Athletics,RUS,BAH,1
2008,Athletics,RUS,BEL,2
2008,Athletics,RUS,BRA,1
2008,Athletics,RUS,CMR,1
2008,Athletics,RUS,CRO,1
2008,Athletics,RUS,CZE,1
2008,Athletics,RUS,ECU,1
2008,Athletics,RUS,GBR,1
2008,Athletics,RUS,GER,1
2008,Athletics,RUS,GRE,1
2008,Athletics,RUS,ITA,2
2008,Athletics,RUS,JAM,1
2008,Athletics,RUS,KEN,1
2008,Athletics,RUS,NGR,2
2008,Athletics,RUS,NOR,1
2008,Athletics,RUS,UKR,2
2008,Athletics,RUS,USA,4
2008,Athletics,SLO,BLR,1
2008,Athletics,SUD,KEN,1
2008,Athletics,TRI,JAM,2
2008,Athletics,TRI,JPN,1
2008,Athletics,TRI,USA,1
2008,Athletics,TUR,ETH,2
2008,Athletics,TUR,USA,1
2008,Athletics,UKR,AUS,1
2008,Athletics,UKR,CUB,1
2008,Athletics,UKR,KEN,1
2008,Athletics,UKR,RUS,2
2008,Athletics,UKR,USA,2
2008,Athletics,USA,AUS,1
2008,Athletics,USA,BAH,1
2008,Athletics,USA,BLR,2
2008,Athletics,USA,CAN,1
2008,Athletics,USA,CUB,3
2008,Athletics,USA,ETH,1
2008,Athletics,USA,GBR,2
2008,Athletics,USA,JAM,6
2008,Athletics,USA,POL,1
2008,Athletics,USA,RUS,4
2008,Athletics,USA,TRI,1
2008,Athletics,USA,TUR,1
2008,Athletics,USA,UKR,2
2008,Badminton,CHN,INA,3
2008,Badminton,CHN,KOR,2
2008,Badminton,CHN,MAS,1
2008,Badminton,INA,CHN,3
2008,Badminton,INA,KOR,2
2008,Badminton,KOR,CHN,2
2008,Badminton,KOR,INA,2
2008,Badminton,MAS,CHN,1
2008,Baseball,CUB,KOR,1
2008,Baseball,CUB,USA,1
2008,Baseball,KOR,CUB,1
2008,Baseball,KOR,USA,1
2008,Baseball,USA,CUB,1
2008,Baseball,USA,KOR,1
2008,Basketball,ARG,ESP,1
2008,Basketball,ARG,USA,1
2008,Basketball,AUS,RUS,1
2008,Basketball,AUS,USA,1
2008,Basketball,ESP,ARG,1
2008,Basketball,ESP,USA,1
2008,Basketball,RUS,AUS,1
2008,Basketball,RUS,USA,1
2008,Basketball,USA,ARG,1
2008,Basketball,USA,AUS,1
2008,Basketball,USA,ESP,1
2008,Basketball,USA,RUS,1
2008,Boxing,ARM,FRA,1
2008,Boxing,ARM,RUS,1
2008,Boxing,AZE,FRA,1
2008,Boxing,AZE,UKR,1
2008,Boxing,CHN,CUB,2
2008,Boxing,CHN,GBR,2
2008,Boxing,CHN,IRL,2
2008,Boxing,CHN,ITA,1
2008,Boxing,CHN,KAZ,2
2008,Boxing,CHN,MGL,1
2008,Boxing,CHN,UKR,1
2008,Boxing,CUB,CHN,2
2008,Boxing,CUB,DOM,1
2008,Boxing,CUB,FRA,1
2008,Boxing,CUB,GBR,1
2008,Boxing,CUB,IND,1
2008,Boxing,CUB,IRL,1
2008,Boxing,CUB,ITA,2
2008,Boxing,CUB,KAZ,1
2008,Boxing,CUB,KOR,1
2008,Boxing,CUB,MDA,1
2008,Boxing,CUB,MGL,2
2008,Boxing,CUB,MRI,1
2008,Boxing,CUB,RUS,3
2008,Boxing,CUB,THA,2
2008,Boxing,DOM,CUB,1
2008,Boxing,DOM,FRA,1
2008,Boxing,DOM,THA,1
2008,Boxing,FRA,ARM,1
2008,Boxing,FRA,AZE,1
2008,Boxing,FRA,CUB,1
2008,Boxing,FRA,DOM,1
2008,Boxing,FRA,RUS,1
2008,Boxing,FRA,THA,1
2008,Boxing,FRA,TUR,1
2008,Boxing,FRA,UKR,1
2008,Boxing,GBR,CHN,2
2008,Boxing,GBR,CUB,1
2008,Boxing,GBR,IND,1
2008,Boxing,GBR,IRL,2
2008,Boxing,GBR,ITA,1
2008,Boxing,IND,CUB,1
2008,Boxing,IND,GBR,1
2008,Boxing,IRL,CHN,2
2008,Boxing,IRL,CUB,1
2008,Boxing,IRL,GBR,2
2008,Boxing,IRL,KAZ,1
2008,Boxing,IRL,MGL,1
2008,Boxing,ITA,CHN,1
2008,Boxing,ITA,CUB,2
2008,Boxing,ITA,GBR,1
2008,Boxing,ITA,RUS,1
2008,Boxing,ITA,THA,1
2008,Boxing,ITA,UKR,1
2008,Boxing,ITA,USA,1
2008,Boxing,KAZ,CHN,2
2008,Boxing,KAZ,CUB,1
2008,Boxing,KAZ,IRL,1
2008,Boxing,KAZ,KOR,1
2008,Boxing,KOR,CUB,1
2008,Boxing,KOR,KAZ,1
2008,Boxing,MDA,CUB,1
2008,Boxing,MDA,MGL,1
2008,Boxing,MGL,CHN,1
2008,Boxing,MGL,CUB,2
2008,Boxing,MGL,IRL,1
2008,Boxing,MGL,MDA,1
2008,Boxing,MGL,MRI,1
2008,Boxing,MRI,CUB,1
2008,Boxing,MRI,MGL,1
2008,Boxing,RUS,ARM,1
2008,Boxing,RUS,CUB,3
2008,Boxing,RUS,FRA,1
2008,Boxing,RUS,ITA,1
2008,Boxing,RUS,THA,1
2008,Boxing,RUS,USA,1
2008,Boxing,THA,CUB,2
2008,Boxing,THA,DOM,1
2008,Boxing,THA,FRA,1
2008,Boxing,THA,ITA,1
2008,Boxing,THA,RUS,1
2008,Boxing,TUR,FRA,1
2008,Boxing,TUR,UKR,1
2008,Boxing,UKR,AZE,1
2008,Boxing,UKR,CHN,1
2008,Boxing,UKR,FRA,1
2008,Boxing,UKR,ITA,1
2008,Boxing,UKR,TUR,1
2008,Boxing,USA,ITA,1
2008,Boxing,USA,RUS,1
2008,"Canoe / Kayak",AUS,AUT,1
2008,"Canoe / Kayak",AUS,CAN,1
2008,"Canoe / Kayak",AUS,GBR,3
2008,"Canoe / Kayak",AUS,GER,1
2008,"Canoe / Kayak",AUS,HUN,1
2008,"Canoe / Kayak",AUS,NOR,1
2008,"Canoe / Kayak",AUS,SVK,2
2008,"Canoe / Kayak",AUT,AUS,1
2008,"Canoe / Kayak",AUT,SVK,1
2008,"Canoe / Kayak",BLR,ESP,1
2008,"Canoe / Kayak",BLR,GER,3
2008,"Canoe / Kayak",BLR,HUN,1
2008,"Canoe / Kayak",BLR,SVK,1
2008,"Canoe / Kayak",CAN,AUS,1
2008,"Canoe / Kayak",CAN,ESP,1
2008,"Canoe / Kayak",CAN,GBR,1
2008,"Canoe / Kayak",CAN,HUN,1
2008,"Canoe / Kayak",CHN,GER,1
2008,"Canoe / Kayak",CHN,RUS,1
2008,"Canoe / Kayak",CZE,RUS,1
2008,"Canoe / Kayak",CZE,SVK,1
2008,"Canoe / Kayak",DEN,GER,1
2008,"Canoe / Kayak",DEN,ITA,1
2008,"Canoe / Kayak",ESP,BLR,1
2008,"Canoe / Kayak",ESP,CAN,1
2008,"Canoe / Kayak",ESP,GER,1
2008,"Canoe / Kayak",ESP,HUN,1
2008,"Canoe / Kayak",ESP,RUS,1
2008,"Canoe / Kayak",ESP,UKR,1
2008,"Canoe / Kayak",FRA,GER,1
2008,"Canoe / Kayak",FRA,HUN,1
2008,"Canoe / Kayak",FRA,POL,1
2008,"Canoe / Kayak",FRA,TOG,1
2008,"Canoe / Kayak",GBR,AUS,3
2008,"Canoe / Kayak",GBR,CAN,1
2008,"Canoe / Kayak",GBR,NOR,1
2008,"Canoe / Kayak",GBR,SVK,1
2008,"Canoe / Kayak",GER,AUS,1
2008,"Canoe / Kayak",GER,BLR,3
2008,"Canoe / Kayak",GER,CHN,1
2008,"Canoe / Kayak",GER,DEN,1
2008,"Canoe / Kayak",GER,ESP,1
2008,"Canoe / Kayak",GER,FRA,1
2008,"Canoe / Kayak",GER,HUN,2
2008,"Canoe / Kayak",GER,ITA,2
2008,"Canoe / Kayak",GER,RUS,1
2008,"Canoe / Kayak",GER,SVK,1
2008,"Canoe / Kayak",GER,TOG,1
2008,"Canoe / Kayak",GER,UKR,1
2008,"Canoe / Kayak",HUN,AUS,1
2008,"Canoe / Kayak",HUN,BLR,1
2008,"Canoe / Kayak",HUN,CAN,1
2008,"Canoe / Kayak",HUN,ESP,1
2008,"Canoe / Kayak",HUN,FRA,1
2008,"Canoe / Kayak",HUN,GER,2
2008,"Canoe / Kayak",HUN,POL,1
2008,"Canoe / Kayak",ITA,DEN,1
2008,"Canoe / Kayak",ITA,GER,2
2008,"Canoe / Kayak",ITA,UKR,1
2008,"Canoe / Kayak",NOR,AUS,1
2008,"Canoe / Kayak",NOR,GBR,1
2008,"Canoe / Kayak",POL,FRA,1
2008,"Canoe / Kayak",POL,HUN,1
2008,"Canoe / Kayak",RUS,CHN,1
2008,"Canoe / Kayak",RUS,CZE,1
2008,"Canoe / Kayak",RUS,ESP,1
2008,"Canoe / Kayak",RUS,GER,1
2008,"Canoe / Kayak",RUS,SVK,1
2008,"Canoe / Kayak",RUS,UKR,1
2008,"Canoe / Kayak",SVK,AUS,2
2008,"Canoe / Kayak",SVK,AUT,1
2008,"Canoe / Kayak",SVK,BLR,1
2008,"Canoe / Kayak",SVK,CZE,1
2008,"Canoe / Kayak",SVK,GBR,1
2008,"Canoe / Kayak",SVK,GER,1
2008,"Canoe / Kayak",SVK,RUS,1
2008,"Canoe / Kayak",TOG,FRA,1
2008,"Canoe / Kayak",TOG,GER,1
2008,"Canoe / Kayak",UKR,ESP,1
2008,"Canoe / Kayak",UKR,GER,1
2008,"Canoe / Kayak",UKR,ITA,1
2008,"Canoe / Kayak",UKR,RUS,1
2008,Cycling,ARG,ESP,1
2008,Cycling,ARG,RUS,1
2008,Cycling,AUS,CHN,1
2008,Cycling,AUS,GBR,1
2008,Cycling,CHN,AUS,1
2008,Cycling,CHN,GBR,1
2008,Cycling,CUB,ESP,1
2008,Cycling,CUB,NED,1
2008,Cycling,DEN,GBR,1
2008,Cycling,DEN,NZL,1
2008,Cycling,ESP,ARG,1
2008,Cycling,ESP,CUB,1
2008,Cycling,ESP,GBR,1
2008,Cycling,ESP,GER,1
2008,Cycling,ESP,NED,1
2008,Cycling,ESP,RUS,1
2008,Cycling,ESP,SUI,1
2008,Cycling,FRA,GBR,2
2008,Cycling,FRA,GER,1
2008,Cycling,FRA,SUI,1
2008,Cycling,FRA,USA,1
2008,Cycling,GBR,AUS,1
2008,Cycling,GBR,CHN,1
2008,Cycling,GBR,DEN,1
2008,Cycling,GBR,ESP,1
2008,Cycling,GBR,FRA,2
2008,Cycling,GBR,GER,2
2008,Cycling,GBR,ITA,1
2008,Cycling,GBR,JPN,1
2008,Cycling,GBR,NZL,2
2008,Cycling,GBR,SUI,1
2008,Cycling,GBR,SWE,1
2008,Cycling,GBR,UKR,1
2008,Cycling,GBR,USA,1
2008,Cycling,GER,ESP,1
2008,Cycling,GER,FRA,1
2008,Cycling,GER,GBR,2
2008,Cycling,GER,POL,1
2008,Cycling,GER,RUS,1
2008,Cycling,ITA,GBR,1
2008,Cycling,ITA,SWE,1
2008,Cycling,JPN,GBR,1
2008,Cycling,LAT,USA,1
2008,Cycling,NED,CUB,1
2008,Cycling,NED,ESP,1
2008,Cycling,NZL,DEN,1
2008,Cycling,NZL,GBR,2
2008,Cycling,POL,GER,1
2008,Cycling,POL,RUS,1
2008,Cycling,RUS,ARG,1
2008,Cycling,RUS,ESP,1
2008,Cycling,RUS,GER,1
2008,Cycling,RUS,POL,1
2008,Cycling,SUI,ESP,1
2008,Cycling,SUI,FRA,1
2008,Cycling,SUI,GBR,1
2008,Cycling,SUI,SWE,1
2008,Cycling,SUI,USA,2
2008,Cycling,SWE,GBR,1
2008,Cycling,SWE,ITA,1
2008,Cycling,SWE,SUI,1
2008,Cycling,SWE,USA,1
2008,Cycling,UKR,GBR,1
2008,Cycling,USA,FRA,1
2008,Cycling,USA,GBR,1
2008,Cycling,USA,LAT,1
2008,Cycling,USA,SUI,2
2008,Cycling,USA,SWE,1
2008,Equestrian,AUS,GBR,2
2008,Equestrian,AUS,GER,2
2008,Equestrian,CAN,SUI,2
2008,Equestrian,CAN,SWE,1
2008,Equestrian,CAN,USA,2
2008,Equestrian,DEN,GER,1
2008,Equestrian,DEN,NED,2
2008,Equestrian,GBR,AUS,2
2008,Equestrian,GBR,GER,2
2008,Equestrian,GBR,USA,1
2008,Equestrian,GER,AUS,2
2008,Equestrian,GER,DEN,1
2008,Equestrian,GER,GBR,2
2008,Equestrian,GER,NED,2
2008,Equestrian,NED,DEN,2
2008,Equestrian,NED,GER,2
2008,Equestrian,SUI,CAN,2
2008,Equestrian,SUI,USA,2
2008,Equestrian,SWE,CAN,1
2008,Equestrian,USA,CAN,2
2008,Equestrian,USA,GBR,1
2008,Equestrian,USA,SUI,2
2008,Fencing,CHN,FRA,1
2008,Fencing,CHN,ROU,1
2008,Fencing,CHN,UKR,1
2008,Fencing,CHN,USA,1
2008,Fencing,ESP,FRA,1
2008,Fencing,ESP,ITA,1
2008,Fencing,FRA,CHN,1
2008,Fencing,FRA,ESP,1
2008,Fencing,FRA,ITA,3
2008,Fencing,FRA,POL,1
2008,Fencing,FRA,ROU,1
2008,Fencing,FRA,USA,1
2008,Fencing,GER,HUN,1
2008,Fencing,GER,ITA,1
2008,Fencing,GER,JPN,1
2008,Fencing,GER,ROU,1
2008,Fencing,HUN,GER,1
2008,Fencing,HUN,ROU,1
2008,Fencing,ITA,ESP,1
2008,Fencing,ITA,FRA,3
2008,Fencing,ITA,GER,1
2008,Fencing,ITA,JPN,1
2008,Fencing,ITA,KOR,1
2008,Fencing,ITA,POL,1
2008,Fencing,ITA,RUS,1
2008,Fencing,ITA,USA,2
2008,Fencing,JPN,GER,1
2008,Fencing,JPN,ITA,1
2008,Fencing,KOR,ITA,1
2008,Fencing,POL,FRA,1
2008,Fencing,POL,ITA,1
2008,Fencing,ROU,CHN,1
2008,Fencing,ROU,FRA,1
2008,Fencing,ROU,GER,1
2008,Fencing,ROU,HUN,1
2008,Fencing,RUS,ITA,1
2008,Fencing,RUS,USA,1
2008,Fencing,UKR,CHN,1
2008,Fencing,UKR,USA,1
2008,Fencing,USA,CHN,1
2008,Fencing,USA,FRA,1
2008,Fencing,USA,ITA,2
2008,Fencing,USA,RUS,1
2008,Fencing,USA,UKR,1
2008,Football,ARG,BRA,1
2008,Football,ARG,NGR,1
2008,Football,BRA,ARG,1
2008,Football,BRA,GER,1
2008,Football,BRA,NGR,1
2008,Football,BRA,USA,1
2008,Football,GER,BRA,1
2008,Football,GER,USA,1
2008,Football,NGR,ARG,1
2008,Football,NGR,BRA,1
2008,Football,USA,BRA,1
2008,Football,USA,GER,1
2008,Gymnastics,BLR,CHN,1
2008,Gymnastics,BLR,RUS,2
2008,Gymnastics,BLR,UKR,1
2008,Gymnastics,CAN,CHN,2
2008,Gymnastics,CAN,UZB,1
2008,Gymnastics,CHN,BLR,1
2008,Gymnastics,CHN,CAN,2
2008,Gymnastics,CHN,CRO,1
2008,Gymnastics,CHN,ESP,1
2008,Gymnastics,CHN,FRA,1
2008,Gymnastics,CHN,GBR,1
2008,Gymnastics,CHN,GER,2
2008,Gymnastics,CHN,JPN,2
2008,Gymnastics,CHN,KOR,1
2008,Gymnastics,CHN,PRK,1
2008,Gymnastics,CHN,ROU,1
2008,Gymnastics,CHN,RUS,2
2008,Gymnastics,CHN,UKR,1
2008,Gymnastics,CHN,USA,6
2008,Gymnastics,CHN,UZB,2
2008,Gymnastics,CRO,CHN,1
2008,Gymnastics,CRO,GBR,1
2008,Gymnastics,ESP,CHN,1
2008,Gymnastics,ESP,RUS,1
2008,Gymnastics,FRA,CHN,1
2008,Gymnastics,FRA,JPN,1
2008,Gymnastics,FRA,POL,1
2008,Gymnastics,FRA,RUS,1
2008,Gymnastics,GBR,CHN,1
2008,Gymnastics,GBR,CRO,1
2008,Gymnastics,GER,CHN,2
2008,Gymnastics,GER,PRK,1
2008,Gymnastics,GER,USA,1
2008,Gymnastics,JPN,CHN,2
2008,Gymnastics,JPN,FRA,1
2008,Gymnastics,JPN,USA,1
2008,Gymnastics,KOR,CHN,1
2008,Gymnastics,KOR,UZB,1
2008,Gymnastics,POL,FRA,1
2008,Gymnastics,POL,RUS,1
2008,Gymnastics,PRK,CHN,1
2008,Gymnastics,PRK,GER,1
2008,Gymnastics,ROU,CHN,1
2008,Gymnastics,ROU,USA,2
2008,Gymnastics,RUS,BLR,2
2008,Gymnastics,RUS,CHN,2
2008,Gymnastics,RUS,ESP,1
2008,Gymnastics,RUS,FRA,1
2008,Gymnastics,RUS,POL,1
2008,Gymnastics,RUS,UKR,1
2008,Gymnastics,UKR,BLR,1
2008,Gymnastics,UKR,CHN,1
2008,Gymnastics,UKR,RUS,1
2008,Gymnastics,USA,CHN,6
2008,Gymnastics,USA,GER,1
2008,Gymnastics,USA,JPN,1
2008,Gymnastics,USA,ROU,2
2008,Gymnastics,UZB,CAN,1
2008,Gymnastics,UZB,CHN,2
2008,Gymnastics,UZB,KOR,1
2008,Handball,ESP,FRA,1
2008,Handball,ESP,ISL,1
2008,Handball,FRA,ESP,1
2008,Handball,FRA,ISL,1
2008,Handball,ISL,ESP,1
2008,Handball,ISL,FRA,1
2008,Handball,KOR,NOR,1
2008,Handball,KOR,RUS,1
2008,Handball,NOR,KOR,1
2008,Handball,NOR,RUS,1
2008,Handball,RUS,KOR,1
2008,Handball,RUS,NOR,1
2008,Hockey,ARG,CHN,1
2008,Hockey,ARG,NED,1
2008,Hockey,AUS,ESP,1
2008,Hockey,AUS,GER,1
2008,Hockey,CHN,ARG,1
2008,Hockey,CHN,NED,1
2008,Hockey,ESP,AUS,1
2008,Hockey,ESP,GER,1
2008,Hockey,GER,AUS,1
2008,Hockey,GER,ESP,1
2008,Hockey,NED,ARG,1
2008,Hockey,NED,CHN,1
2008,Judo,ALG,CHN,1
2008,Judo,ALG,EGY,1
2008,Judo,ALG,GEO,1
2008,Judo,ALG,PRK,1
2008,Judo,ALG,SUI,1
2008,Judo,ARG,CUB,1
2008,Judo,ARG,ROU,1
2008,Judo,AUT,KOR,1
2008,Judo,AUT,NED,1
2008,Judo,AUT,UZB,1
2008,Judo,AZE,BRA,1
2008,Judo,AZE,KAZ,1
2008,Judo,AZE,KOR,1
2008,Judo,AZE,MGL,1
2008,Judo,AZE,TJK,1
2008,Judo,BRA,AZE,1
2008,Judo,BRA,GER,1
2008,Judo,BRA,ITA,1
2008,Judo,BRA,KOR,2
2008,Judo,BRA,NED,1
2008,Judo,CHN,ALG,1
2008,Judo,CHN,CUB,2
2008,Judo,CHN,FRA,1
2008,Judo,CHN,ITA,1
2008,Judo,CHN,JPN,2
2008,Judo,CHN,KOR,1
2008,Judo,CHN,NED,1
2008,Judo,CHN,PRK,1
2008,Judo,CHN,SLO,1
2008,Judo,CUB,ARG,1
2008,Judo,CUB,CHN,2
2008,Judo,CUB,FRA,2
2008,Judo,CUB,JPN,5
2008,Judo,CUB,KOR,1
2008,Judo,CUB,NED,1
2008,Judo,CUB,ROU,1
2008,Judo,CUB,USA,1
2008,Judo,CUB,UZB,1
2008,Judo,EGY,ALG,1
2008,Judo,EGY,GEO,1
2008,Judo,FRA,CHN,1
2008,Judo,FRA,CUB,2
2008,Judo,FRA,JPN,3
2008,Judo,FRA,NED,1
2008,Judo,FRA,PRK,2
2008,Judo,FRA,UZB,1
2008,Judo,GEO,ALG,1
2008,Judo,GEO,EGY,1
2008,Judo,GEO,SUI,1
2008,Judo,GER,BRA,1
2008,Judo,GER,KOR,1
2008,Judo,GER,UKR,1
2008,Judo,ITA,BRA,1
2008,Judo,ITA,CHN,1
2008,Judo,ITA,NED,1
2008,Judo,JPN,CHN,2
2008,Judo,JPN,CUB,5
2008,Judo,JPN,FRA,3
2008,Judo,JPN,NED,2
2008,Judo,JPN,PRK,3
2008,Judo,JPN,ROU,1
2008,Judo,JPN,SLO,1
2008,Judo,JPN,USA,1
2008,Judo,JPN,UZB,1
2008,Judo,KAZ,AZE,1
2008,Judo,KAZ,MGL,1
2008,Judo,KAZ,NED,1
2008,Judo,KOR,AUT,1
2008,Judo,KOR,AZE,1
2008,Judo,KOR,BRA,2
2008,Judo,KOR,CHN,1
2008,Judo,KOR,CUB,1
2008,Judo,KOR,GER,1
2008,Judo,KOR,NED,1
2008,Judo,KOR,TJK,1
2008,Judo,KOR,UKR,1
2008,Judo,KOR,UZB,1
2008,Judo,MGL,AZE,1
2008,Judo,MGL,KAZ,1
2008,Judo,MGL,NED,1
2008,Judo,NED,AUT,1
2008,Judo,NED,BRA,1
2008,Judo,NED,CHN,1
2008,Judo,NED,CUB,1
2008,Judo,NED,FRA,1
2008,Judo,NED,ITA,1
2008,Judo,NED,JPN,2
2008,Judo,NED,KAZ,1
2008,Judo,NED,KOR,1
2008,Judo,NED,MGL,1
2008,Judo,PRK,ALG,1
2008,Judo,PRK,CHN,1
2008,Judo,PRK,FRA,2
2008,Judo,PRK,JPN,3
2008,Judo,ROU,ARG,1
2008,Judo,ROU,CUB,1
2008,Judo,ROU,JPN,1
2008,Judo,SLO,CHN,1
2008,Judo,SLO,JPN,1
2008,Judo,SUI,ALG,1
2008,Judo,SUI,GEO,1
2008,Judo,TJK,AZE,1
2008,Judo,TJK,KOR,1
2008,Judo,UKR,GER,1
2008,Judo,UKR,KOR,1
2008,Judo,USA,CUB,1
2008,Judo,USA,JPN,1
2008,Judo,UZB,AUT,1
2008,Judo,UZB,CUB,1
2008,Judo,UZB,FRA,1
2008,Judo,UZB,JPN,1
2008,Judo,UZB,KOR,1
2008,"Modern Pentathlon",GBR,GER,1
2008,"Modern Pentathlon",GBR,UKR,1
2008,"Modern Pentathlon",GER,GBR,1
2008,"Modern Pentathlon",GER,UKR,1
2008,"Modern Pentathlon",LTU,RUS,1
2008,"Modern Pentathlon",RUS,LTU,1
2008,"Modern Pentathlon",UKR,GBR,1
2008,"Modern Pentathlon",UKR,GER,1
2008,Rowing,AUS,CAN,1
2008,Rowing,AUS,EST,1
2008,Rowing,AUS,FRA,1
2008,Rowing,AUS,GBR,2
2008,Rowing,AUS,NZL,1
2008,Rowing,BLR,BUL,1
2008,Rowing,BLR,CHN,1
2008,Rowing,BLR,ROU,1
2008,Rowing,BLR,USA,1
2008,Rowing,BUL,BLR,1
2008,Rowing,BUL,USA,1
2008,Rowing,CAN,AUS,1
2008,Rowing,CAN,DEN,1
2008,Rowing,CAN,FIN,1
2008,Rowing,CAN,GBR,1
2008,Rowing,CAN,NED,1
2008,Rowing,CAN,NZL,1
2008,Rowing,CAN,POL,1
2008,Rowing,CAN,USA,1
2008,Rowing,CHN,BLR,1
2008,Rowing,CHN,GBR,1
2008,Rowing,CHN,GER,1
2008,Rowing,CHN,ROU,1
2008,Rowing,CZE,NOR,1
2008,Rowing,CZE,NZL,1
2008,Rowing,DEN,CAN,1
2008,Rowing,DEN,GBR,1
2008,Rowing,DEN,GRE,1
2008,Rowing,DEN,POL,1
2008,Rowing,EST,AUS,1
2008,Rowing,EST,GBR,1
2008,Rowing,FIN,CAN,1
2008,Rowing,FIN,NED,1
2008,Rowing,FRA,AUS,1
2008,Rowing,FRA,GBR,1
2008,Rowing,FRA,ITA,1
2008,Rowing,FRA,POL,1
2008,Rowing,GBR,AUS,2
2008,Rowing,GBR,CAN,1
2008,Rowing,GBR,CHN,1
2008,Rowing,GBR,DEN,1
2008,Rowing,GBR,EST,1
2008,Rowing,GBR,FRA,1
2008,Rowing,GBR,GER,2
2008,Rowing,GBR,GRE,1
2008,Rowing,GBR,NZL,1
2008,Rowing,GBR,USA,1
2008,Rowing,GER,CHN,1
2008,Rowing,GER,GBR,2
2008,Rowing,GER,NZL,1
2008,Rowing,GRE,DEN,1
2008,Rowing,GRE,GBR,1
2008,Rowing,ITA,FRA,1
2008,Rowing,ITA,POL,1
2008,Rowing,NED,CAN,1
2008,Rowing,NED,FIN,1
2008,Rowing,NED,ROU,1
2008,Rowing,NED,USA,1
2008,Rowing,NOR,CZE,1
2008,Rowing,NOR,NZL,1
2008,Rowing,NZL,AUS,1
2008,Rowing,NZL,CAN,1
2008,Rowing,NZL,CZE,1
2008,Rowing,NZL,GBR,1
2008,Rowing,NZL,GER,1
2008,Rowing,NZL,NOR,1
2008,Rowing,POL,CAN,1
2008,Rowing,POL,DEN,1
2008,Rowing,POL,FRA,1
2008,Rowing,POL,ITA,1
2008,Rowing,ROU,BLR,1
2008,Rowing,ROU,CHN,1
2008,Rowing,ROU,NED,1
2008,Rowing,ROU,USA,1
2008,Rowing,USA,BLR,1
2008,Rowing,USA,BUL,1
2008,Rowing,USA,CAN,1
2008,Rowing,USA,GBR,1
2008,Rowing,USA,NED,1
2008,Rowing,USA,ROU,1
2008,Sailing,ARG,AUS,1
2008,Sailing,ARG,ESP,1
2008,Sailing,AUS,ARG,1
2008,Sailing,AUS,BRA,1
2008,Sailing,AUS,ESP,1
2008,Sailing,AUS,FRA,1
2008,Sailing,AUS,GBR,1
2008,Sailing,AUS,NED,1
2008,Sailing,BRA,AUS,1
2008,Sailing,BRA,GBR,1
2008,Sailing,BRA,NED,1
2008,Sailing,BRA,SWE,1
2008,Sailing,CHN,GBR,1
2008,Sailing,CHN,ITA,1
2008,Sailing,CHN,LTU,1
2008,Sailing,CHN,USA,1
2008,Sailing,DEN,ESP,1
2008,Sailing,DEN,GER,1
2008,Sailing,ESP,ARG,1
2008,Sailing,ESP,AUS,1
2008,Sailing,ESP,DEN,1
2008,Sailing,ESP,GER,1
2008,Sailing,FRA,AUS,1
2008,Sailing,FRA,GBR,2
2008,Sailing,FRA,ISR,1
2008,Sailing,FRA,NZL,1
2008,Sailing,FRA,USA,1
2008,Sailing,GBR,AUS,1
2008,Sailing,GBR,BRA,1
2008,Sailing,GBR,CHN,1
2008,Sailing,GBR,FRA,2
2008,Sailing,GBR,GRE,1
2008,Sailing,GBR,ITA,2
2008,Sailing,GBR,NED,1
2008,Sailing,GBR,SLO,1
2008,Sailing,GBR,SWE,1
2008,Sailing,GBR,USA,1
2008,Sailing,GER,DEN,1
2008,Sailing,GER,ESP,1
2008,Sailing,GRE,GBR,1
2008,Sailing,GRE,NED,1
2008,Sailing,ISR,FRA,1
2008,Sailing,ISR,NZL,1
2008,Sailing,ITA,CHN,1
2008,Sailing,ITA,GBR,2
2008,Sailing,ITA,SLO,1
2008,Sailing,LTU,CHN,1
2008,Sailing,LTU,USA,1
2008,Sailing,NED,AUS,1
2008,Sailing,NED,BRA,1
2008,Sailing,NED,GBR,1
2008,Sailing,NED,GRE,1
2008,Sailing,NZL,FRA,1
2008,Sailing,NZL,ISR,1
2008,Sailing,SLO,GBR,1
2008,Sailing,SLO,ITA,1
2008,Sailing,SWE,BRA,1
2008,Sailing,SWE,GBR,1
2008,Sailing,USA,CHN,1
2008,Sailing,USA,FRA,1
2008,Sailing,USA,GBR,1
2008,Sailing,USA,LTU,1
2008,Shooting,AUS,UKR,1
2008,Shooting,AUS,USA,1
2008,Shooting,CHN,CUB,1
2008,Shooting,CHN,CZE,1
2008,Shooting,CHN,FIN,1
2008,Shooting,CHN,GEO,1
2008,Shooting,CHN,GER,1
2008,Shooting,CHN,IND,1
2008,Shooting,CHN,ITA,1
2008,Shooting,CHN,KOR,2
2008,Shooting,CHN,MGL,1
2008,Shooting,CHN,RUS,2
2008,Shooting,CHN,SLO,1
2008,Shooting,CHN,UKR,1
2008,Shooting,CHN,USA,2
2008,Shooting,CRO,CZE,1
2008,Shooting,CRO,RUS,1
2008,Shooting,CUB,CHN,1
2008,Shooting,CUB,CZE,1
2008,Shooting,CZE,CHN,1
2008,Shooting,CZE,CRO,1
2008,Shooting,CZE,CUB,1
2008,Shooting,CZE,ITA,1
2008,Shooting,CZE,RUS,2
2008,Shooting,FIN,CHN,1
2008,Shooting,FIN,IND,1
2008,Shooting,FIN,SVK,1
2008,Shooting,FIN,USA,1
2008,Shooting,FRA,NOR,1
2008,Shooting,FRA,USA,1
2008,Shooting,GEO,CHN,1
2008,Shooting,GEO,RUS,1
2008,Shooting,GER,CHN,1
2008,Shooting,GER,ITA,1
2008,Shooting,GER,MGL,1
2008,Shooting,GER,UKR,1
2008,Shooting,GER,USA,1
2008,Shooting,IND,CHN,1
2008,Shooting,IND,FIN,1
2008,Shooting,ITA,CHN,1
2008,Shooting,ITA,CZE,1
2008,Shooting,ITA,GER,1
2008,Shooting,ITA,RUS,1
2008,Shooting,ITA,USA,2
2008,Shooting,KOR,CHN,2
2008,Shooting,KOR,RUS,1
2008,Shooting,KOR,USA,1
2008,Shooting,MGL,CHN,1
2008,Shooting,MGL,GER,1
2008,Shooting,NOR,FRA,1
2008,Shooting,NOR,USA,1
2008,Shooting,RUS,CHN,2
2008,Shooting,RUS,CRO,1
2008,Shooting,RUS,CZE,2
2008,Shooting,RUS,GEO,1
2008,Shooting,RUS,ITA,1
2008,Shooting,RUS,KOR,1
2008,Shooting,SLO,CHN,1
2008,Shooting,SLO,UKR,1
2008,Shooting,SVK,FIN,1
2008,Shooting,SVK,USA,1
2008,Shooting,UKR,AUS,1
2008,Shooting,UKR,CHN,1
2008,Shooting,UKR,GER,1
2008,Shooting,UKR,SLO,1
2008,Shooting,UKR,USA,1
2008,Shooting,USA,AUS,1
2008,Shooting,USA,CHN,2
2008,Shooting,USA,FIN,1
2008,Shooting,USA,FRA,1
2008,Shooting,USA,GER,1
2008,Shooting,USA,ITA,2
2008,Shooting,USA,KOR,1
2008,Shooting,USA,NOR,1
2008,Shooting,USA,SVK,1
2008,Shooting,USA,UKR,1
2008,Softball,AUS,JPN,1
2008,Softball,AUS,USA,1
2008,Softball,JPN,AUS,1
2008,Softball,JPN,USA,1
2008,Softball,USA,AUS,1
2008,Softball,USA,JPN,1
2008,"Table Tennis",CHN,GER,1
2008,"Table Tennis",CHN,KOR,2
2008,"Table Tennis",CHN,SIN,1
2008,"Table Tennis",GER,CHN,1
2008,"Table Tennis",GER,KOR,1
2008,"Table Tennis",KOR,CHN,2
2008,"Table Tennis",KOR,GER,1
2008,"Table Tennis",KOR,SIN,1
2008,"Table Tennis",SIN,CHN,1
2008,"Table Tennis",SIN,KOR,1
2008,Taekwondo,AFG,DOM,1
2008,Taekwondo,AFG,MEX,1
2008,Taekwondo,BRA,MEX,1
2008,Taekwondo,BRA,NOR,1
2008,Taekwondo,CAN,CRO,1
2008,Taekwondo,CAN,FRA,1
2008,Taekwondo,CAN,KOR,1
2008,Taekwondo,CHN,CUB,1
2008,Taekwondo,CHN,IRI,1
2008,Taekwondo,CHN,ITA,1
2008,Taekwondo,CHN,THA,1
2008,Taekwondo,CHN,VEN,1
2008,Taekwondo,CRO,CAN,1
2008,Taekwondo,CRO,KOR,2
2008,Taekwondo,CRO,TUR,1
2008,Taekwondo,CUB,CHN,1
2008,Taekwondo,CUB,THA,1
2008,Taekwondo,DOM,AFG,1
2008,Taekwondo,DOM,MEX,1
2008,Taekwondo,DOM,TPE,1
2008,Taekwondo,FRA,CAN,1
2008,Taekwondo,FRA,KOR,1
2008,Taekwondo,GBR,MEX,1
2008,Taekwondo,GBR,NOR,1
2008,Taekwondo,GRE,KAZ,1
2008,Taekwondo,GRE,KOR,1
2008,Taekwondo,GRE,NGR,1
2008,Taekwondo,IRI,CHN,1
2008,Taekwondo,IRI,ITA,1
2008,Taekwondo,IRI,USA,1
2008,Taekwondo,ITA,CHN,1
2008,Taekwondo,ITA,IRI,1
2008,Taekwondo,ITA,USA,1
2008,Taekwondo,KAZ,GRE,1
2008,Taekwondo,KAZ,KOR,1
2008,Taekwondo,KOR,CAN,1
2008,Taekwondo,KOR,CRO,2
2008,Taekwondo,KOR,FRA,1
2008,Taekwondo,KOR,GRE,1
2008,Taekwondo,KOR,KAZ,1
2008,Taekwondo,KOR,NGR,1
2008,Taekwondo,KOR,TPE,1
2008,Taekwondo,KOR,TUR,2
2008,Taekwondo,KOR,USA,2
2008,Taekwondo,MEX,AFG,1
2008,Taekwondo,MEX,BRA,1
2008,Taekwondo,MEX,DOM,1
2008,Taekwondo,MEX,GBR,1
2008,Taekwondo,MEX,NOR,1
2008,Taekwondo,MEX,TPE,1
2008,Taekwondo,NGR,GRE,1
2008,Taekwondo,NGR,KOR,1
2008,Taekwondo,NOR,BRA,1
2008,Taekwondo,NOR,GBR,1
2008,Taekwondo,NOR,MEX,1
2008,Taekwondo,THA,CHN,1
2008,Taekwondo,THA,CUB,1
2008,Taekwondo,THA,VEN,1
2008,Taekwondo,TPE,DOM,1
2008,Taekwondo,TPE,KOR,1
2008,Taekwondo,TPE,MEX,1
2008,Taekwondo,TPE,USA,1
2008,Taekwondo,TUR,CRO,1
2008,Taekwondo,TUR,KOR,2
2008,Taekwondo,TUR,USA,2
2008,Taekwondo,USA,IRI,1
2008,Taekwondo,USA,ITA,1
2008,Taekwondo,USA,KOR,2
2008,Taekwondo,USA,TPE,1
2008,Taekwondo,USA,TUR,2
2008,Taekwondo,VEN,CHN,1
2008,Taekwondo,VEN,THA,1
2008,Tennis,CHI,ESP,1
2008,Tennis,CHI,SRB,1
2008,Tennis,CHN,ESP,1
2008,Tennis,CHN,USA,1
2008,Tennis,ESP,CHI,1
2008,Tennis,ESP,CHN,1
2008,Tennis,ESP,SRB,1
2008,Tennis,ESP,USA,1
2008,Tennis,SRB,CHI,1
2008,Tennis,SRB,ESP,1
2008,Tennis,SUI,SWE,1
2008,Tennis,SUI,USA,1
2008,Tennis,SWE,SUI,1
2008,Tennis,SWE,USA,1
2008,Tennis,USA,CHN,1
2008,Tennis,USA,ESP,1
2008,Tennis,USA,SUI,1
2008,Tennis,USA,SWE,1
2008,Triathlon,AUS,POR,1
2008,Triathlon,CAN,GER,1
2008,Triathlon,CAN,NZL,1
2008,Triathlon,GER,CAN,1
2008,Triathlon,GER,NZL,1
2008,Triathlon,NZL,CAN,1
2008,Triathlon,NZL,GER,1
2008,Triathlon,POR,AUS,1
2008,Volleyball,BRA,CHN,1
2008,Volleyball,BRA,RUS,1
2008,Volleyball,BRA,USA,3
2008,Volleyball,CHN,BRA,1
2008,Volleyball,CHN,USA,2
2008,Volleyball,RUS,BRA,1
2008,Volleyball,RUS,USA,1
2008,Volleyball,USA,BRA,3
2008,Volleyball,USA,CHN,2
2008,Volleyball,USA,RUS,1
2008,Weightlifting,ARM,BLR,1
2008,Weightlifting,ARM,CHN,3
2008,Weightlifting,ARM,FRA,1
2008,Weightlifting,ARM,KOR,1
2008,Weightlifting,BLR,ARM,1
2008,Weightlifting,BLR,CHN,1
2008,Weightlifting,BLR,KOR,1
2008,Weightlifting,BLR,RUS,1
2008,Weightlifting,BLR,THA,1
2008,Weightlifting,CHN,ARM,3
2008,Weightlifting,CHN,BLR,1
2008,Weightlifting,CHN,COL,1
2008,Weightlifting,CHN,FRA,1
2008,Weightlifting,CHN,INA,2
2008,Weightlifting,CHN,KAZ,1
2008,Weightlifting,CHN,KOR,1
2008,Weightlifting,CHN,PRK,1
2008,Weightlifting,CHN,RUS,3
2008,Weightlifting,CHN,TPE,1
2008,Weightlifting,CHN,TUR,1
2008,Weightlifting,CHN,UKR,1
2008,Weightlifting,CHN,VIE,1
2008,Weightlifting,COL,CHN,1
2008,Weightlifting,COL,INA,1
2008,Weightlifting,FRA,ARM,1
2008,Weightlifting,FRA,CHN,1
2008,Weightlifting,GER,LAT,1
2008,Weightlifting,GER,RUS,1
2008,Weightlifting,INA,CHN,2
2008,Weightlifting,INA,COL,1
2008,Weightlifting,INA,VIE,1
2008,Weightlifting,KAZ,CHN,1
2008,Weightlifting,KAZ,KOR,1
2008,Weightlifting,KAZ,POL,1
2008,Weightlifting,KAZ,PRK,1
2008,Weightlifting,KAZ,RUS,2
2008,Weightlifting,KAZ,TPE,1
2008,Weightlifting,KAZ,UKR,1
2008,Weightlifting,KOR,ARM,1
2008,Weightlifting,KOR,BLR,1
2008,Weightlifting,KOR,CHN,1
2008,Weightlifting,KOR,KAZ,1
2008,Weightlifting,KOR,THA,1
2008,Weightlifting,KOR,UKR,1
2008,Weightlifting,LAT,GER,1
2008,Weightlifting,LAT,RUS,1
2008,Weightlifting,POL,KAZ,1
2008,Weightlifting,POL,RUS,1
2008,Weightlifting,PRK,CHN,1
2008,Weightlifting,PRK,KAZ,1
2008,Weightlifting,PRK,RUS,1
2008,Weightlifting,PRK,TPE,1
2008,Weightlifting,RUS,BLR,1
2008,Weightlifting,RUS,CHN,3
2008,Weightlifting,RUS,GER,1
2008,Weightlifting,RUS,KAZ,2
2008,Weightlifting,RUS,LAT,1
2008,Weightlifting,RUS,POL,1
2008,Weightlifting,RUS,PRK,1
2008,Weightlifting,RUS,UKR,1
2008,Weightlifting,THA,BLR,1
2008,Weightlifting,THA,KOR,1
2008,Weightlifting,TPE,CHN,1
2008,Weightlifting,TPE,KAZ,1
2008,Weightlifting,TPE,PRK,1
2008,Weightlifting,TPE,TUR,1
2008,Weightlifting,TUR,CHN,1
2008,Weightlifting,TUR,TPE,1
2008,Weightlifting,UKR,CHN,1
2008,Weightlifting,UKR,KAZ,1
2008,Weightlifting,UKR,KOR,1
2008,Weightlifting,UKR,RUS,1
2008,Weightlifting,VIE,CHN,1
2008,Weightlifting,VIE,INA,1
2008,Wrestling,ARM,AZE,1
2008,Wrestling,ARM,CUB,1
2008,Wrestling,ARM,RUS,2
2008,Wrestling,AZE,ARM,1
2008,Wrestling,AZE,CAN,1
2008,Wrestling,AZE,JPN,1
2008,Wrestling,AZE,KAZ,2
2008,Wrestling,AZE,KGZ,1
2008,Wrestling,AZE,KOR,1
2008,Wrestling,AZE,RUS,3
2008,Wrestling,BLR,FRA,1
2008,Wrestling,BLR,KGZ,1
2008,Wrestling,BLR,RUS,1
2008,Wrestling,BLR,UZB,1
2008,Wrestling,BUL,CHN,2
2008,Wrestling,BUL,GEO,1
2008,Wrestling,BUL,JPN,2
2008,Wrestling,BUL,POL,1
2008,Wrestling,BUL,RUS,1
2008,Wrestling,BUL,USA,1
2008,Wrestling,BUL,UZB,1
2008,Wrestling,CAN,AZE,1
2008,Wrestling,CAN,CHN,1
2008,Wrestling,CAN,JPN,2
2008,Wrestling,CAN,UKR,1
2008,Wrestling,CHN,BUL,2
2008,Wrestling,CHN,CAN,1
2008,Wrestling,CHN,COL,1
2008,Wrestling,CHN,FRA,1
2008,Wrestling,CHN,GEO,1
2008,Wrestling,CHN,JPN,2
2008,Wrestling,CHN,POL,1
2008,Wrestling,COL,CHN,1
2008,Wrestling,COL,JPN,1
2008,Wrestling,CUB,ARM,1
2008,Wrestling,CUB,LTU,1
2008,Wrestling,CUB,RUS,1
2008,Wrestling,FRA,BLR,1
2008,Wrestling,FRA,CHN,1
2008,Wrestling,FRA,GEO,1
2008,Wrestling,FRA,KGZ,1
2008,Wrestling,FRA,UKR,1
2008,Wrestling,GEO,BUL,1
2008,Wrestling,GEO,CHN,1
2008,Wrestling,GEO,FRA,1
2008,Wrestling,GEO,KAZ,1
2008,Wrestling,GEO,RUS,2
2008,Wrestling,GEO,TJK,1
2008,Wrestling,GEO,TUR,1
2008,Wrestling,GEO,UKR,2
2008,Wrestling,GER,KAZ,1
2008,Wrestling,GER,RUS,1
2008,Wrestling,GER,USA,1
2008,Wrestling,HUN,ITA,1
2008,Wrestling,HUN,TUR,1
2008,Wrestling,IND,TUR,1
2008,Wrestling,IND,UKR,1
2008,Wrestling,IRI,RUS,1
2008,Wrestling,IRI,UKR,1
2008,Wrestling,ITA,HUN,1
2008,Wrestling,ITA,TUR,1
2008,Wrestling,JPN,AZE,1
2008,Wrestling,JPN,BUL,2
2008,Wrestling,JPN,CAN,2
2008,Wrestling,JPN,CHN,2
2008,Wrestling,JPN,COL,1
2008,Wrestling,JPN,KAZ,1
2008,Wrestling,JPN,RUS,3
2008,Wrestling,JPN,UKR,2
2008,Wrestling,JPN,USA,2
2008,Wrestling,KAZ,AZE,2
2008,Wrestling,KAZ,GEO,1
2008,Wrestling,KAZ,GER,1
2008,Wrestling,KAZ,JPN,1
2008,Wrestling,KAZ,RUS,5
2008,Wrestling,KAZ,UZB,1
2008,Wrestling,KGZ,AZE,1
2008,Wrestling,KGZ,BLR,1
2008,Wrestling,KGZ,FRA,1
2008,Wrestling,KGZ,RUS,1
2008,Wrestling,KGZ,UKR,1
2008,Wrestling,KOR,AZE,1
2008,Wrestling,KOR,RUS,1
2008,Wrestling,LTU,CUB,1
2008,Wrestling,LTU,RUS,1
2008,Wrestling,POL,BUL,1
2008,Wrestling,POL,CHN,1
2008,Wrestling,RUS,ARM,2
2008,Wrestling,RUS,AZE,3
2008,Wrestling,RUS,BLR,1
2008,Wrestling,RUS,BUL,1
2008,Wrestling,RUS,CUB,1
2008,Wrestling,RUS,GEO,2
2008,Wrestling,RUS,GER,1
2008,Wrestling,RUS,IRI,1
2008,Wrestling,RUS,JPN,3
2008,Wrestling,RUS,KAZ,5
2008,Wrestling,RUS,KGZ,1
2008,Wrestling,RUS,KOR,1
2008,Wrestling,RUS,LTU,1
2008,Wrestling,RUS,SVK,1
2008,Wrestling,RUS,TJK,1
2008,Wrestling,RUS,UKR,1
2008,Wrestling,RUS,USA,3
2008,Wrestling,RUS,UZB,2
2008,Wrestling,SVK,RUS,1
2008,Wrestling,SVK,UZB,1
2008,Wrestling,TJK,GEO,1
2008,Wrestling,TJK,RUS,1
2008,Wrestling,TJK,UKR,1
2008,Wrestling,TUR,GEO,1
2008,Wrestling,TUR,HUN,1
2008,Wrestling,TUR,IND,1
2008,Wrestling,TUR,ITA,1
2008,Wrestling,TUR,UKR,1
2008,Wrestling,UKR,CAN,1
2008,Wrestling,UKR,FRA,1
2008,Wrestling,UKR,GEO,2
2008,Wrestling,UKR,IND,1
2008,Wrestling,UKR,IRI,1
2008,Wrestling,UKR,JPN,2
2008,Wrestling,UKR,KGZ,1
2008,Wrestling,UKR,RUS,1
2008,Wrestling,UKR,TJK,1
2008,Wrestling,UKR,TUR,1
2008,Wrestling,USA,BUL,1
2008,Wrestling,USA,GER,1
2008,Wrestling,USA,JPN,2
2008,Wrestling,USA,RUS,3
2008,Wrestling,UZB,BLR,1
2008,Wrestling,UZB,BUL,1
2008,Wrestling,UZB,KAZ,1
2008,Wrestling,UZB,RUS,2
2008,Wrestling,UZB,SVK,1
2012,Aquatics,AUS,CAN,1
2012,Aquatics,AUS,CHN,3
2012,Aquatics,AUS,ESP,1
2012,Aquatics,AUS,FRA,2
2012,Aquatics,AUS,JPN,3
2012,Aquatics,AUS,MAS,1
2012,Aquatics,AUS,NED,1
2012,Aquatics,AUS,RSA,1
2012,Aquatics,AUS,USA,11
2012,Aquatics,BLR,CHN,1
2012,Aquatics,BLR,NED,2
2012,Aquatics,BRA,FRA,1
2012,Aquatics,BRA,JPN,1
2012,Aquatics,BRA,USA,2
2012,Aquatics,CAN,AUS,1
2012,Aquatics,CAN,CHN,3
2012,Aquatics,CAN,GER,1
2012,Aquatics,CAN,MEX,1
2012,Aquatics,CAN,TUN,2
2012,Aquatics,CAN,USA,2
2012,Aquatics,CHN,AUS,3
2012,Aquatics,CHN,BLR,1
2012,Aquatics,CHN,CAN,3
2012,Aquatics,CHN,ESP,3
2012,Aquatics,CHN,FRA,2
2012,Aquatics,CHN,GBR,1
2012,Aquatics,CHN,JPN,1
2012,Aquatics,CHN,KOR,1
2012,Aquatics,CHN,MAS,1
2012,Aquatics,CHN,MEX,3
2012,Aquatics,CHN,NED,1
2012,Aquatics,CHN,RUS,4
2012,Aquatics,CHN,TUN,1
2012,Aquatics,CHN,USA,9
2012,Aquatics,CRO,ITA,1
2012,Aquatics,CRO,SRB,1
2012,Aquatics,ESP,AUS,1
2012,Aquatics,ESP,CHN,3
2012,Aquatics,ESP,GBR,1
2012,Aquatics,ESP,JPN,1
2012,Aquatics,ESP,RUS,2
2012,Aquatics,ESP,USA,2
2012,Aquatics,FRA,AUS,2
2012,Aquatics,FRA,BRA,1
2012,Aquatics,FRA,CHN,2
2012,Aquatics,FRA,GBR,1
2012,Aquatics,FRA,KOR,1
2012,Aquatics,FRA,RUS,1
2012,Aquatics,FRA,USA,6
2012,Aquatics,GBR,CHN,1
2012,Aquatics,GBR,ESP,1
2012,Aquatics,GBR,FRA,1
2012,Aquatics,GBR,HUN,1
2012,Aquatics,GBR,JPN,1
2012,Aquatics,GBR,USA,3
2012,Aquatics,GER,CAN,1
2012,Aquatics,GER,TUN,1
2012,Aquatics,HUN,GBR,1
2012,Aquatics,HUN,ITA,1
2012,Aquatics,HUN,JPN,1
2012,Aquatics,HUN,USA,2
2012,Aquatics,ITA,CRO,1
2012,Aquatics,ITA,HUN,1
2012,Aquatics,ITA,SRB,1
2012,Aquatics,ITA,USA,1
2012,Aquatics,JPN,AUS,3
2012,Aquatics,JPN,BRA,1
2012,Aquatics,JPN,CHN,1
2012,Aquatics,JPN,ESP,1
2012,Aquatics,JPN,GBR,1
2012,Aquatics,JPN,HUN,1
2012,Aquatics,JPN,LTU,1
2012,Aquatics,JPN,RSA,1
2012,Aquatics,JPN,RUS,1
2012,Aquatics,JPN,USA,9
2012,Aquatics,KOR,CHN,1
2012,Aquatics,KOR,FRA,1
2012,Aquatics,KOR,USA,1
2012,Aquatics,LTU,JPN,1
2012,Aquatics,LTU,USA,1
2012,Aquatics,MAS,AUS,1
2012,Aquatics,MAS,CHN,1
2012,Aquatics,MEX,CAN,1
2012,Aquatics,MEX,CHN,3
2012,Aquatics,MEX,USA,1
2012,Aquatics,NED,AUS,1
2012,Aquatics,NED,BLR,2
2012,Aquatics,NED,CHN,1
2012,Aquatics,NED,USA,1
2012,Aquatics,RSA,AUS,1
2012,Aquatics,RSA,JPN,1
2012,Aquatics,RSA,USA,3
2012,Aquatics,RUS,CHN,4
2012,Aquatics,RUS,ESP,2
2012,Aquatics,RUS,FRA,1
2012,Aquatics,RUS,JPN,1
2012,Aquatics,RUS,USA,5
2012,Aquatics,SRB,CRO,1
2012,Aquatics,SRB,ITA,1
2012,Aquatics,TUN,CAN,2
2012,Aquatics,TUN,CHN,1
2012,Aquatics,TUN,GER,1
2012,Aquatics,USA,AUS,11
2012,Aquatics,USA,BRA,2
2012,Aquatics,USA,CAN,2
2012,Aquatics,USA,CHN,9
2012,Aquatics,USA,ESP,2
2012,Aquatics,USA,FRA,6
2012,Aquatics,USA,GBR,3
2012,Aquatics,USA,HUN,2
2012,Aquatics,USA,ITA,1
2012,Aquatics,USA,JPN,9
2012,Aquatics,USA,KOR,1
2012,Aquatics,USA,LTU,1
2012,Aquatics,USA,MEX,1
2012,Aquatics,USA,NED,1
2012,Aquatics,USA,RSA,3
2012,Aquatics,USA,RUS,5
2012,Archery,CHN,JPN,2
2012,Archery,CHN,KOR,2
2012,Archery,ITA,KOR,1
2012,Archery,ITA,USA,1
2012,Archery,JPN,CHN,2
2012,Archery,JPN,KOR,2
2012,Archery,KOR,CHN,2
2012,Archery,KOR,ITA,1
2012,Archery,KOR,JPN,2
2012,Archery,KOR,MEX,1
2012,Archery,KOR,USA,1
2012,Archery,MEX,KOR,1
2012,Archery,USA,ITA,1
2012,Archery,USA,KOR,1
2012,Athletics,ALG,MAR,1
2012,Athletics,ALG,USA,1
2012,Athletics,AUS,CHN,1
2012,Athletics,AUS,GBR,1
2012,Athletics,AUS,IRL,1
2012,Athletics,AUS,USA,2
2012,Athletics,BAH,TTO,1
2012,Athletics,BAH,USA,1
2012,Athletics,BOT,KEN,1
2012,Athletics,BRN,TUR,1
2012,Athletics,CAN,RUS,1
2012,Athletics,CAN,USA,1
2012,Athletics,CHN,AUS,1
2012,Athletics,CHN,CRO,1
2012,Athletics,CHN,CUB,1
2012,Athletics,CHN,GER,1
2012,Athletics,CHN,GUA,1
2012,Athletics,CHN,IRL,1
2012,Athletics,CHN,NZL,1
2012,Athletics,CHN,POL,1
2012,Athletics,CHN,RUS,1
2012,Athletics,COL,KAZ,1
2012,Athletics,COL,UKR,1
2012,Athletics,CRO,CHN,1
2012,Athletics,CRO,CUB,1
2012,Athletics,CUB,CHN,1
2012,Athletics,CUB,CRO,1
2012,Athletics,CUB,RUS,1
2012,Athletics,CUB,USA,2
2012,Athletics,CZE,FIN,1
2012,Athletics,CZE,GER,1
2012,Athletics,CZE,RUS,1
2012,Athletics,CZE,TTO,1
2012,Athletics,CZE,USA,1
2012,Athletics,DOM,GRN,1
2012,Athletics,DOM,PUR,1
2012,Athletics,DOM,TTO,1
2012,Athletics,DOM,USA,1
2012,Athletics,EST,GER,1
2012,Athletics,EST,IRI,1
2012,Athletics,ETH,GBR,2
2012,Athletics,ETH,KEN,5
2012,Athletics,ETH,RUS,1
2012,Athletics,ETH,TUN,1
2012,Athletics,ETH,USA,1
2012,Athletics,FIN,CZE,1
2012,Athletics,FIN,TTO,1
2012,Athletics,FRA,GER,1
2012,Athletics,FRA,JAM,1
2012,Athletics,FRA,KEN,1
2012,Athletics,FRA,TTO,1
2012,Athletics,GBR,AUS,1
2012,Athletics,GBR,ETH,2
2012,Athletics,GBR,GER,1
2012,Athletics,GBR,KEN,1
2012,Athletics,GBR,RUS,2
2012,Athletics,GBR,USA,4
2012,Athletics,GER,CHN,1
2012,Athletics,GER,CZE,1
2012,Athletics,GER,EST,1
2012,Athletics,GER,FRA,1
2012,Athletics,GER,GBR,1
2012,Athletics,GER,IRI,1
2012,Athletics,GER,POL,2
2012,Athletics,GER,RUS,1
2012,Athletics,GER,USA,1
2012,Athletics,GRN,DOM,1
2012,Athletics,GRN,TTO,1
2012,Athletics,GUA,CHN,1
2012,Athletics,HUN,JPN,1
2012,Athletics,HUN,SLO,1
2012,Athletics,IRI,EST,1
2012,Athletics,IRI,GER,1
2012,Athletics,IRL,AUS,1
2012,Athletics,IRL,CHN,1
2012,Athletics,ITA,USA,1
2012,Athletics,JAM,FRA,1
2012,Athletics,JAM,RUS,1
2012,Athletics,JAM,TTO,1
2012,Athletics,JAM,UKR,1
2012,Athletics,JAM,USA,6
2012,Athletics,JPN,HUN,1
2012,Athletics,JPN,SLO,1
2012,Athletics,KAZ,COL,1
2012,Athletics,KAZ,UKR,1
2012,Athletics,KEN,BOT,1
2012,Athletics,KEN,ETH,5
2012,Athletics,KEN,FRA,1
2012,Athletics,KEN,GBR,1
2012,Athletics,KEN,RUS,1
2012,Athletics,KEN,TUN,1
2012,Athletics,KEN,UGA,1
2012,Athletics,MAR,ALG,1
2012,Athletics,MAR,USA,1
2012,Athletics,NZL,CHN,1
2012,Athletics,POL,CHN,1
2012,Athletics,POL,GER,2
2012,Athletics,POL,USA,1
2012,Athletics,PUR,DOM,1
2012,Athletics,PUR,USA,1
2012,Athletics,QAT,RUS,1
2012,Athletics,QAT,USA,1
2012,Athletics,RSA,RUS,1
2012,Athletics,RUS,CAN,1
2012,Athletics,RUS,CHN,1
2012,Athletics,RUS,CUB,1
2012,Athletics,RUS,CZE,1
2012,Athletics,RUS,ETH,1
2012,Athletics,RUS,GBR,2
2012,Athletics,RUS,GER,1
2012,Athletics,RUS,JAM,1
2012,Athletics,RUS,KEN,1
2012,Athletics,RUS,QAT,1
2012,Athletics,RUS,RSA,1
2012,Athletics,RUS,USA,6
2012,Athletics,SLO,HUN,1
2012,Athletics,SLO,JPN,1
2012,Athletics,TTO,BAH,1
2012,Athletics,TTO,CZE,1
2012,Athletics,TTO,DOM,1
2012,Athletics,TTO,FIN,1
2012,Athletics,TTO,FRA,1
2012,Athletics,TTO,GRN,1
2012,Athletics,TTO,JAM,1
2012,Athletics,TTO,USA,1
2012,Athletics,TUN,ETH,1
2012,Athletics,TUN,KEN,1
2012,Athletics,TUR,BRN,1
2012,Athletics,UGA,KEN,1
2012,Athletics,UKR,COL,1
2012,Athletics,UKR,JAM,1
2012,Athletics,UKR,KAZ,1
2012,Athletics,UKR,USA,1
2012,Athletics,USA,ALG,1
2012,Athletics,USA,AUS,2
2012,Athletics,USA,BAH,1
2012,Athletics,USA,CAN,1
2012,Athletics,USA,CUB,2
2012,Athletics,USA,CZE,1
2012,Athletics,USA,DOM,1
2012,Athletics,USA,ETH,1
2012,Athletics,USA,GBR,4
2012,Athletics,USA,GER,1
2012,Athletics,USA,ITA,1
2012,Athletics,USA,JAM,6
2012,Athletics,USA,MAR,1
2012,Athletics,USA,POL,1
2012,Athletics,USA,PUR,1
2012,Athletics,USA,QAT,1
2012,Athletics,USA,RUS,6
2012,Athletics,USA,TTO,1
2012,Athletics,USA,UKR,1
2012,Badminton,CHN,DEN,2
2012,Badminton,CHN,IND,1
2012,Badminton,CHN,JPN,1
2012,Badminton,CHN,KOR,1
2012,Badminton,CHN,MAS,1
2012,Badminton,CHN,RUS,1
2012,Badminton,DEN,CHN,2
2012,Badminton,DEN,JPN,1
2012,Badminton,DEN,KOR,1
2012,Badminton,IND,CHN,1
2012,Badminton,JPN,CHN,1
2012,Badminton,JPN,DEN,1
2012,Badminton,JPN,RUS,1
2012,Badminton,KOR,CHN,1
2012,Badminton,KOR,DEN,1
2012,Badminton,MAS,CHN,1
2012,Badminton,RUS,CHN,1
2012,Badminton,RUS,JPN,1
2012,Basketball,AUS,FRA,1
2012,Basketball,AUS,USA,1
2012,Basketball,ESP,RUS,1
2012,Basketball,ESP,USA,1
2012,Basketball,FRA,AUS,1
2012,Basketball,FRA,USA,1
2012,Basketball,RUS,ESP,1
2012,Basketball,RUS,USA,1
2012,Basketball,USA,AUS,1
2012,Basketball,USA,ESP,1
2012,Basketball,USA,FRA,1
2012,Basketball,USA,RUS,1
2012,Boxing,AZE,GBR,1
2012,Boxing,AZE,ITA,2
2012,Boxing,AZE,UKR,1
2012,Boxing,BRA,GBR,1
2012,Boxing,BRA,IRL,1
2012,Boxing,BRA,JPN,1
2012,Boxing,BRA,KAZ,1
2012,Boxing,BRA,RUS,2
2012,Boxing,BRA,UZB,1
2012,Boxing,BUL,ITA,1
2012,Boxing,BUL,UKR,1
2012,Boxing,CHN,GBR,1
2012,Boxing,CHN,IND,1
2012,Boxing,CHN,IRL,1
2012,Boxing,CHN,RUS,2
2012,Boxing,CHN,THA,1
2012,Boxing,CHN,USA,2
2012,Boxing,CUB,GBR,1
2012,Boxing,CUB,IRL,2
2012,Boxing,CUB,ITA,1
2012,Boxing,CUB,KOR,1
2012,Boxing,CUB,MGL,2
2012,Boxing,CUB,RUS,1
2012,Boxing,CUB,UKR,2
2012,Boxing,GBR,AZE,1
2012,Boxing,GBR,BRA,1
2012,Boxing,GBR,CHN,1
2012,Boxing,GBR,CUB,1
2012,Boxing,GBR,IND,1
2012,Boxing,GBR,IRL,1
2012,Boxing,GBR,ITA,1
2012,Boxing,GBR,JPN,2
2012,Boxing,GBR,KAZ,2
2012,Boxing,GBR,RUS,1
2012,Boxing,GBR,UKR,1
2012,Boxing,GBR,USA,1
2012,Boxing,IND,CHN,1
2012,Boxing,IND,GBR,1
2012,Boxing,IRL,BRA,1
2012,Boxing,IRL,CHN,1
2012,Boxing,IRL,CUB,2
2012,Boxing,IRL,GBR,1
2012,Boxing,IRL,JPN,1
2012,Boxing,IRL,MGL,1
2012,Boxing,IRL,RUS,1
2012,Boxing,IRL,THA,1
2012,Boxing,IRL,TJK,1
2012,Boxing,ITA,AZE,2
2012,Boxing,ITA,BUL,1
2012,Boxing,ITA,CUB,1
2012,Boxing,ITA,GBR,1
2012,Boxing,ITA,KAZ,1
2012,Boxing,ITA,UKR,2
2012,Boxing,JPN,BRA,1
2012,Boxing,JPN,GBR,2
2012,Boxing,JPN,IRL,1
2012,Boxing,JPN,UZB,1
2012,Boxing,KAZ,BRA,1
2012,Boxing,KAZ,GBR,2
2012,Boxing,KAZ,ITA,1
2012,Boxing,KAZ,RUS,3
2012,Boxing,KAZ,UKR,2
2012,Boxing,KAZ,USA,1
2012,Boxing,KOR,CUB,1
2012,Boxing,KOR,LTU,1
2012,Boxing,KOR,UKR,1
2012,Boxing,LTU,KOR,1
2012,Boxing,LTU,UKR,1
2012,Boxing,MGL,CUB,2
2012,Boxing,MGL,IRL,1
2012,Boxing,MGL,RUS,1
2012,Boxing,MGL,UKR,1
2012,Boxing,RUS,BRA,2
2012,Boxing,RUS,CHN,2
2012,Boxing,RUS,CUB,1
2012,Boxing,RUS,GBR,1
2012,Boxing,RUS,IRL,1
2012,Boxing,RUS,KAZ,3
2012,Boxing,RUS,MGL,1
2012,Boxing,RUS,THA,1
2012,Boxing,RUS,TJK,1
2012,Boxing,RUS,UKR,1
2012,Boxing,RUS,USA,1
2012,Boxing,THA,CHN,1
2012,Boxing,THA,IRL,1
2012,Boxing,THA,RUS,1
2012,Boxing,TJK,IRL,1
2012,Boxing,TJK,RUS,1
2012,Boxing,UKR,AZE,1
2012,Boxing,UKR,BUL,1
2012,Boxing,UKR,CUB,2
2012,Boxing,UKR,GBR,1
2012,Boxing,UKR,ITA,2
2012,Boxing,UKR,KAZ,2
2012,Boxing,UKR,KOR,1
2012,Boxing,UKR,LTU,1
2012,Boxing,UKR,MGL,1
2012,Boxing,UKR,RUS,1
2012,Boxing,USA,CHN,2
2012,Boxing,USA,GBR,1
2012,Boxing,USA,KAZ,1
2012,Boxing,USA,RUS,1
2012,Boxing,UZB,BRA,1
2012,Boxing,UZB,JPN,1
2012,Canoe,AUS,CZE,1
2012,Canoe,AUS,ESP,1
2012,Canoe,AUS,FRA,1
2012,Canoe,AUS,HUN,1
2012,Canoe,BLR,GBR,1
2012,Canoe,BLR,GER,2
2012,Canoe,BLR,HUN,1
2012,Canoe,BLR,RUS,2
2012,Canoe,CAN,ESP,2
2012,Canoe,CAN,GBR,1
2012,Canoe,CAN,GER,2
2012,Canoe,CAN,NOR,1
2012,Canoe,CZE,AUS,1
2012,Canoe,CZE,GER,1
2012,Canoe,CZE,HUN,1
2012,Canoe,CZE,ITA,1
2012,Canoe,ESP,AUS,1
2012,Canoe,ESP,CAN,2
2012,Canoe,ESP,FRA,1
2012,Canoe,ESP,GBR,1
2012,Canoe,ESP,GER,1
2012,Canoe,FRA,AUS,1
2012,Canoe,FRA,ESP,1
2012,Canoe,FRA,GER,1
2012,Canoe,FRA,SVK,1
2012,Canoe,GBR,BLR,1
2012,Canoe,GBR,CAN,1
2012,Canoe,GBR,ESP,1
2012,Canoe,GBR,RUS,1
2012,Canoe,GBR,SVK,1
2012,Canoe,GER,BLR,2
2012,Canoe,GER,CAN,2
2012,Canoe,GER,CZE,1
2012,Canoe,GER,ESP,1
2012,Canoe,GER,FRA,1
2012,Canoe,GER,HUN,3
2012,Canoe,GER,ITA,1
2012,Canoe,GER,NOR,1
2012,Canoe,GER,POL,1
2012,Canoe,GER,POR,1
2012,Canoe,GER,RUS,1
2012,Canoe,GER,SVK,1
2012,Canoe,HUN,AUS,1
2012,Canoe,HUN,BLR,1
2012,Canoe,HUN,CZE,1
2012,Canoe,HUN,GER,3
2012,Canoe,HUN,NZL,1
2012,Canoe,HUN,POL,1
2012,Canoe,HUN,POR,1
2012,Canoe,HUN,RSA,1
2012,Canoe,HUN,UKR,2
2012,Canoe,ITA,CZE,1
2012,Canoe,ITA,GER,1
2012,Canoe,LTU,RUS,1
2012,Canoe,LTU,UKR,1
2012,Canoe,NOR,CAN,1
2012,Canoe,NOR,GER,1
2012,Canoe,NZL,HUN,1
2012,Canoe,NZL,UKR,1
2012,Canoe,POL,GER,1
2012,Canoe,POL,HUN,1
2012,Canoe,POR,GER,1
2012,Canoe,POR,HUN,1
2012,Canoe,RSA,HUN,1
2012,Canoe,RSA,UKR,1
2012,Canoe,RUS,BLR,2
2012,Canoe,RUS,GBR,1
2012,Canoe,RUS,GER,1
2012,Canoe,RUS,LTU,1
2012,Canoe,RUS,UKR,1
2012,Canoe,SVK,FRA,1
2012,Canoe,SVK,GBR,1
2012,Canoe,SVK,GER,1
2012,Canoe,UKR,HUN,2
2012,Canoe,UKR,LTU,1
2012,Canoe,UKR,NZL,1
2012,Canoe,UKR,RSA,1
2012,Canoe,UKR,RUS,1
2012,Cycling,AUS,CHN,2
2012,Cycling,AUS,COL,1
2012,Cycling,AUS,FRA,1
2012,Cycling,AUS,GBR,4
2012,Cycling,AUS,GER,1
2012,Cycling,AUS,LAT,1
2012,Cycling,AUS,NZL,1
2012,Cycling,AUS,USA,1
2012,Cycling,CAN,GBR,1
2012,Cycling,CAN,USA,1
2012,Cycling,CHN,AUS,2
2012,Cycling,CHN,GBR,2
2012,Cycling,CHN,GER,1
2012,Cycling,CHN,HKG,1
2012,Cycling,COL,AUS,1
2012,Cycling,COL,KAZ,1
2012,Cycling,COL,LAT,1
2012,Cycling,COL,NED,1
2012,Cycling,COL,NOR,1
2012,Cycling,COL,NZL,1
2012,Cycling,CZE,ITA,1
2012,Cycling,CZE,SUI,1
2012,Cycling,DEN,FRA,1
2012,Cycling,DEN,GBR,1
2012,Cycling,FRA,AUS,1
2012,Cycling,FRA,DEN,1
2012,Cycling,FRA,GBR,3
2012,Cycling,FRA,GER,2
2012,Cycling,FRA,USA,1
2012,Cycling,GBR,AUS,4
2012,Cycling,GBR,CAN,1
2012,Cycling,GBR,CHN,2
2012,Cycling,GBR,DEN,1
2012,Cycling,GBR,FRA,3
2012,Cycling,GBR,GER,3
2012,Cycling,GBR,HKG,1
2012,Cycling,GBR,NED,2
2012,Cycling,GBR,NZL,2
2012,Cycling,GBR,RUS,1
2012,Cycling,GBR,USA,2
2012,Cycling,GER,AUS,1
2012,Cycling,GER,CHN,1
2012,Cycling,GER,FRA,2
2012,Cycling,GER,GBR,3
2012,Cycling,GER,NED,1
2012,Cycling,GER,NZL,1
2012,Cycling,GER,RUS,1
2012,Cycling,GER,USA,2
2012,Cycling,HKG,CHN,1
2012,Cycling,HKG,GBR,1
2012,Cycling,ITA,CZE,1
2012,Cycling,ITA,SUI,1
2012,Cycling,KAZ,COL,1
2012,Cycling,KAZ,NOR,1
2012,Cycling,LAT,AUS,1
2012,Cycling,LAT,COL,1
2012,Cycling,NED,COL,1
2012,Cycling,NED,GBR,2
2012,Cycling,NED,GER,1
2012,Cycling,NED,NZL,1
2012,Cycling,NED,RUS,1
2012,Cycling,NOR,COL,1
2012,Cycling,NOR,KAZ,1
2012,Cycling,NZL,AUS,1
2012,Cycling,NZL,COL,1
2012,Cycling,NZL,GBR,2
2012,Cycling,NZL,GER,1
2012,Cycling,NZL,NED,1
2012,Cycling,RUS,GBR,1
2012,Cycling,RUS,GER,1
2012,Cycling,RUS,NED,1
2012,Cycling,RUS,USA,1
2012,Cycling,SUI,CZE,1
2012,Cycling,SUI,ITA,1
2012,Cycling,USA,AUS,1
2012,Cycling,USA,CAN,1
2012,Cycling,USA,FRA,1
2012,Cycling,USA,GBR,2
2012,Cycling,USA,GER,2
2012,Cycling,USA,RUS,1
2012,Equestrian,GBR,GER,3
2012,Equestrian,GBR,KSA,1
2012,Equestrian,GBR,NED,4
2012,Equestrian,GBR,NZL,2
2012,Equestrian,GER,GBR,3
2012,Equestrian,GER,NED,1
2012,Equestrian,GER,NZL,2
2012,Equestrian,GER,SWE,1
2012,Equestrian,IRL,NED,1
2012,Equestrian,IRL,SUI,1
2012,Equestrian,KSA,GBR,1
2012,Equestrian,KSA,NED,1
2012,Equestrian,NED,GBR,4
2012,Equestrian,NED,GER,1
2012,Equestrian,NED,IRL,1
2012,Equestrian,NED,KSA,1
2012,Equestrian,NED,SUI,1
2012,Equestrian,NZL,GBR,2
2012,Equestrian,NZL,GER,2
2012,Equestrian,SUI,IRL,1
2012,Equestrian,SUI,NED,1
2012,Equestrian,SWE,GER,1
2012,Fencing,CHN,EGY,1
2012,Fencing,CHN,GER,1
2012,Fencing,CHN,KOR,2
2012,Fencing,CHN,UKR,1
2012,Fencing,CHN,USA,1
2012,Fencing,EGY,CHN,1
2012,Fencing,EGY,KOR,1
2012,Fencing,GER,CHN,1
2012,Fencing,GER,ITA,1
2012,Fencing,GER,JPN,1
2012,Fencing,GER,UKR,1
2012,Fencing,HUN,ITA,1
2012,Fencing,HUN,RUS,1
2012,Fencing,ITA,GER,1
2012,Fencing,ITA,HUN,1
2012,Fencing,ITA,JPN,1
2012,Fencing,ITA,KOR,2
2012,Fencing,ITA,ROU,1
2012,Fencing,ITA,RUS,2
2012,Fencing,JPN,GER,1
2012,Fencing,JPN,ITA,1
2012,Fencing,KOR,CHN,2
2012,Fencing,KOR,EGY,1
2012,Fencing,KOR,ITA,2
2012,Fencing,KOR,NOR,1
2012,Fencing,KOR,ROU,1
2012,Fencing,KOR,RUS,2
2012,Fencing,KOR,UKR,1
2012,Fencing,KOR,USA,1
2012,Fencing,KOR,VEN,1
2012,Fencing,NOR,KOR,1
2012,Fencing,NOR,VEN,1
2012,Fencing,ROU,ITA,1
2012,Fencing,ROU,KOR,1
2012,Fencing,RUS,HUN,1
2012,Fencing,RUS,ITA,2
2012,Fencing,RUS,KOR,2
2012,Fencing,RUS,UKR,1
2012,Fencing,UKR,CHN,1
2012,Fencing,UKR,GER,1
2012,Fencing,UKR,KOR,1
2012,Fencing,UKR,RUS,1
2012,Fencing,USA,CHN,1
2012,Fencing,USA,KOR,1
2012,Fencing,VEN,KOR,1
2012,Fencing,VEN,NOR,1
2012,Football,BRA,KOR,1
2012,Football,BRA,MEX,1
2012,Football,CAN,JPN,1
2012,Football,CAN,USA,1
2012,Football,JPN,CAN,1
2012,Football,JPN,USA,1
2012,Football,KOR,BRA,1
2012,Football,KOR,MEX,1
2012,Football,MEX,BRA,1
2012,Football,MEX,KOR,1
2012,Football,USA,CAN,1
2012,Football,USA,JPN,1
2012,Gymnastics,BLR,ITA,1
2012,Gymnastics,BLR,RUS,2
2012,Gymnastics,BRA,CHN,1
2012,Gymnastics,BRA,ITA,1
2012,Gymnastics,CAN,CHN,1
2012,Gymnastics,CHN,BRA,1
2012,Gymnastics,CHN,CAN,1
2012,Gymnastics,CHN,FRA,1
2012,Gymnastics,CHN,GBR,2
2012,Gymnastics,CHN,GER,2
2012,Gymnastics,CHN,ITA,1
2012,Gymnastics,CHN,JPN,2
2012,Gymnastics,CHN,NED,1
2012,Gymnastics,CHN,RUS,3
2012,Gymnastics,CHN,USA,1
2012,Gymnastics,FRA,CHN,1
2012,Gymnastics,FRA,GER,1
2012,Gymnastics,GBR,CHN,2
2012,Gymnastics,GBR,HUN,1
2012,Gymnastics,GBR,JPN,1
2012,Gymnastics,GBR,RUS,1
2012,Gymnastics,GER,CHN,2
2012,Gymnastics,GER,FRA,1
2012,Gymnastics,GER,JPN,1
2012,Gymnastics,GER,NED,1
2012,Gymnastics,GER,USA,1
2012,Gymnastics,HUN,GBR,1
2012,Gymnastics,ITA,BLR,1
2012,Gymnastics,ITA,BRA,1
2012,Gymnastics,ITA,CHN,1
2012,Gymnastics,ITA,RUS,1
2012,Gymnastics,JPN,CHN,2
2012,Gymnastics,JPN,GBR,1
2012,Gymnastics,JPN,GER,1
2012,Gymnastics,JPN,RUS,1
2012,Gymnastics,JPN,USA,1
2012,Gymnastics,KOR,RUS,1
2012,Gymnastics,KOR,UKR,1
2012,Gymnastics,NED,CHN,1
2012,Gymnastics,NED,GER,1
2012,Gymnastics,ROU,RUS,3
2012,Gymnastics,ROU,USA,3
2012,Gymnastics,RUS,BLR,2
2012,Gymnastics,RUS,CHN,3
2012,Gymnastics,RUS,GBR,1
2012,Gymnastics,RUS,ITA,1
2012,Gymnastics,RUS,JPN,1
2012,Gymnastics,RUS,KOR,1
2012,Gymnastics,RUS,ROU,3
2012,Gymnastics,RUS,UKR,1
2012,Gymnastics,RUS,USA,4
2012,Gymnastics,UKR,KOR,1
2012,Gymnastics,UKR,RUS,1
2012,Gymnastics,USA,CHN,1
2012,Gymnastics,USA,GER,1
2012,Gymnastics,USA,JPN,1
2012,Gymnastics,USA,ROU,3
2012,Gymnastics,USA,RUS,4
2012,Handball,CRO,FRA,1
2012,Handball,CRO,SWE,1
2012,Handball,ESP,MNE,1
2012,Handball,ESP,NOR,1
2012,Handball,FRA,CRO,1
2012,Handball,FRA,SWE,1
2012,Handball,MNE,ESP,1
2012,Handball,MNE,NOR,1
2012,Handball,NOR,ESP,1
2012,Handball,NOR,MNE,1
2012,Handball,SWE,CRO,1
2012,Handball,SWE,FRA,1
2012,Hockey,ARG,GBR,1
2012,Hockey,ARG,NED,1
2012,Hockey,AUS,GER,1
2012,Hockey,AUS,NED,1
2012,Hockey,GBR,ARG,1
2012,Hockey,GBR,NED,1
2012,Hockey,GER,AUS,1
2012,Hockey,GER,NED,1
2012,Hockey,NED,ARG,1
2012,Hockey,NED,AUS,1
2012,Hockey,NED,GBR,1
2012,Hockey,NED,GER,1
2012,Judo,BEL,BRA,1
2012,Judo,BEL,ROU,1
2012,Judo,BRA,BEL,1
2012,Judo,BRA,FRA,1
2012,Judo,BRA,GBR,1
2012,Judo,BRA,HUN,1
2012,Judo,BRA,JPN,1
2012,Judo,BRA,ROU,1
2012,Judo,BRA,RUS,2
2012,Judo,BRA,USA,1
2012,Judo,CAN,GER,1
2012,Judo,CAN,KOR,1
2012,Judo,CHN,CUB,1
2012,Judo,CHN,FRA,1
2012,Judo,CHN,JPN,2
2012,Judo,CHN,SLO,1
2012,Judo,COL,FRA,1
2012,Judo,COL,GER,1
2012,Judo,CUB,CHN,1
2012,Judo,CUB,FRA,1
2012,Judo,CUB,GBR,1
2012,Judo,CUB,GRE,1
2012,Judo,CUB,ITA,1
2012,Judo,CUB,JPN,2
2012,Judo,CUB,KOR,1
2012,Judo,CUB,PRK,1
2012,Judo,FRA,BRA,1
2012,Judo,FRA,CHN,1
2012,Judo,FRA,COL,1
2012,Judo,FRA,CUB,1
2012,Judo,FRA,GBR,1
2012,Judo,FRA,GER,2
2012,Judo,FRA,JPN,2
2012,Judo,FRA,NED,1
2012,Judo,FRA,PRK,1
2012,Judo,FRA,ROU,1
2012,Judo,FRA,RUS,2
2012,Judo,FRA,SLO,1
2012,Judo,FRA,USA,1
2012,Judo,GBR,BRA,1
2012,Judo,GBR,CUB,1
2012,Judo,GBR,FRA,1
2012,Judo,GBR,JPN,1
2012,Judo,GBR,USA,1
2012,Judo,GEO,HUN,1
2012,Judo,GEO,JPN,1
2012,Judo,GEO,KOR,1
2012,Judo,GER,CAN,1
2012,Judo,GER,COL,1
2012,Judo,GER,FRA,2
2012,Judo,GER,KOR,1
2012,Judo,GER,MGL,1
2012,Judo,GER,NED,1
2012,Judo,GER,RUS,3
2012,Judo,GRE,CUB,1
2012,Judo,GRE,KOR,1
2012,Judo,HUN,BRA,1
2012,Judo,HUN,GEO,1
2012,Judo,HUN,JPN,1
2012,Judo,HUN,KOR,1
2012,Judo,HUN,ROU,1
2012,Judo,ITA,CUB,1
2012,Judo,ITA,PRK,1
2012,Judo,JPN,BRA,1
2012,Judo,JPN,CHN,2
2012,Judo,JPN,CUB,2
2012,Judo,JPN,FRA,2
2012,Judo,JPN,GBR,1
2012,Judo,JPN,GEO,1
2012,Judo,JPN,HUN,1
2012,Judo,JPN,KOR,1
2012,Judo,JPN,MGL,1
2012,Judo,JPN,ROU,1
2012,Judo,JPN,RUS,2
2012,Judo,JPN,SLO,1
2012,Judo,JPN,USA,1
2012,Judo,JPN,UZB,1
2012,Judo,KOR,CAN,1
2012,Judo,KOR,CUB,1
2012,Judo,KOR,GEO,1
2012,Judo,KOR,GER,1
2012,Judo,KOR,GRE,1
2012,Judo,KOR,HUN,1
2012,Judo,KOR,JPN,1
2012,Judo,KOR,RUS,1
2012,Judo,MGL,GER,1
2012,Judo,MGL,JPN,1
2012,Judo,MGL,NED,1
2012,Judo,MGL,RUS,2
2012,Judo,NED,FRA,1
2012,Judo,NED,GER,1
2012,Judo,NED,MGL,1
2012,Judo,NED,RUS,1
2012,Judo,PRK,CUB,1
2012,Judo,PRK,FRA,1
2012,Judo,PRK,ITA,1
2012,Judo,ROU,BEL,1
2012,Judo,ROU,BRA,1
2012,Judo,ROU,FRA,1
2012,Judo,ROU,HUN,1
2012,Judo,ROU,JPN,1
2012,Judo,ROU,USA,1
2012,Judo,RUS,BRA,2
2012,Judo,RUS,FRA,2
2012,Judo,RUS,GER,3
2012,Judo,RUS,JPN,2
2012,Judo,RUS,KOR,1
2012,Judo,RUS,MGL,2
2012,Judo,RUS,NED,1
2012,Judo,RUS,UZB,1
2012,Judo,SLO,CHN,1
2012,Judo,SLO,FRA,1
2012,Judo,SLO,JPN,1
2012,Judo,USA,BRA,1
2012,Judo,USA,FRA,1
2012,Judo,USA,GBR,1
2012,Judo,USA,JPN,1
2012,Judo,USA,ROU,1
2012,Judo,UZB,JPN,1
2012,Judo,UZB,RUS,1
2012,"Modern Pentathlon",BRA,GBR,1
2012,"Modern Pentathlon",BRA,LTU,1
2012,"Modern Pentathlon",CHN,CZE,1
2012,"Modern Pentathlon",CHN,HUN,1
2012,"Modern Pentathlon",CZE,CHN,1
2012,"Modern Pentathlon",CZE,HUN,1
2012,"Modern Pentathlon",GBR,BRA,1
2012,"Modern Pentathlon",GBR,LTU,1
2012,"Modern Pentathlon",HUN,CHN,1
2012,"Modern Pentathlon",HUN,CZE,1
2012,"Modern Pentathlon",LTU,BRA,1
2012,"Modern Pentathlon",LTU,GBR,1
2012,Rowing,AUS,CRO,1
2012,Rowing,AUS,CZE,1
2012,Rowing,AUS,DEN,1
2012,Rowing,AUS,GBR,3
2012,Rowing,AUS,GER,1
2012,Rowing,AUS,NZL,1
2012,Rowing,AUS,POL,1
2012,Rowing,AUS,USA,1
2012,Rowing,CAN,GBR,1
2012,Rowing,CAN,GER,1
2012,Rowing,CAN,NED,1
2012,Rowing,CAN,USA,1
2012,Rowing,CHN,GBR,1
2012,Rowing,CHN,GRE,1
2012,Rowing,CRO,AUS,1
2012,Rowing,CRO,GER,1
2012,Rowing,CZE,AUS,1
2012,Rowing,CZE,DEN,1
2012,Rowing,CZE,GBR,1
2012,Rowing,CZE,NZL,1
2012,Rowing,DEN,AUS,1
2012,Rowing,DEN,CZE,1
2012,Rowing,DEN,GBR,2
2012,Rowing,DEN,NZL,1
2012,Rowing,DEN,RSA,1
2012,Rowing,FRA,GBR,1
2012,Rowing,FRA,NZL,1
2012,Rowing,GBR,AUS,3
2012,Rowing,GBR,CAN,1
2012,Rowing,GBR,CHN,1
2012,Rowing,GBR,CZE,1
2012,Rowing,GBR,DEN,2
2012,Rowing,GBR,FRA,1
2012,Rowing,GBR,GER,1
2012,Rowing,GBR,GRE,1
2012,Rowing,GBR,NZL,4
2012,Rowing,GBR,POL,1
2012,Rowing,GBR,RSA,1
2012,Rowing,GBR,USA,1
2012,Rowing,GER,AUS,1
2012,Rowing,GER,CAN,1
2012,Rowing,GER,CRO,1
2012,Rowing,GER,GBR,1
2012,Rowing,GER,UKR,1
2012,Rowing,GER,USA,1
2012,Rowing,GRE,CHN,1
2012,Rowing,GRE,GBR,1
2012,Rowing,ITA,NZL,1
2012,Rowing,ITA,SLO,1
2012,Rowing,NED,CAN,1
2012,Rowing,NED,USA,1
2012,Rowing,NZL,AUS,1
2012,Rowing,NZL,CZE,1
2012,Rowing,NZL,DEN,1
2012,Rowing,NZL,FRA,1
2012,Rowing,NZL,GBR,4
2012,Rowing,NZL,ITA,1
2012,Rowing,NZL,SLO,1
2012,Rowing,POL,AUS,1
2012,Rowing,POL,GBR,1
2012,Rowing,RSA,DEN,1
2012,Rowing,RSA,GBR,1
2012,Rowing,SLO,ITA,1
2012,Rowing,SLO,NZL,1
2012,Rowing,UKR,GER,1
2012,Rowing,UKR,USA,1
2012,Rowing,USA,AUS,1
2012,Rowing,USA,CAN,1
2012,Rowing,USA,GBR,1
2012,Rowing,USA,GER,1
2012,Rowing,USA,NED,1
2012,Rowing,USA,UKR,1
2012,Sailing,ARG,AUS,1
2012,Sailing,ARG,GBR,1
2012,Sailing,AUS,ARG,1
2012,Sailing,AUS,CYP,1
2012,Sailing,AUS,DEN,1
2012,Sailing,AUS,ESP,1
2012,Sailing,AUS,FIN,1
2012,Sailing,AUS,GBR,1
2012,Sailing,AUS,NZL,1
2012,Sailing,AUS,SWE,1
2012,Sailing,BEL,CHN,1
2012,Sailing,BEL,NED,1
2012,Sailing,BRA,GBR,1
2012,Sailing,BRA,SWE,1
2012,Sailing,CHN,BEL,1
2012,Sailing,CHN,NED,1
2012,Sailing,CYP,AUS,1
2012,Sailing,CYP,SWE,1
2012,Sailing,DEN,AUS,1
2012,Sailing,DEN,FRA,1
2012,Sailing,DEN,GBR,1
2012,Sailing,DEN,NZL,1
2012,Sailing,ESP,AUS,1
2012,Sailing,ESP,FIN,2
2012,Sailing,ESP,POL,1
2012,Sailing,FIN,AUS,1
2012,Sailing,FIN,ESP,2
2012,Sailing,FIN,POL,1
2012,Sailing,FRA,DEN,1
2012,Sailing,FRA,GBR,1
2012,Sailing,GBR,ARG,1
2012,Sailing,GBR,AUS,1
2012,Sailing,GBR,BRA,1
2012,Sailing,GBR,DEN,1
2012,Sailing,GBR,FRA,1
2012,Sailing,GBR,NED,2
2012,Sailing,GBR,NZL,1
2012,Sailing,GBR,POL,1
2012,Sailing,GBR,SWE,1
2012,Sailing,NED,BEL,1
2012,Sailing,NED,CHN,1
2012,Sailing,NED,GBR,2
2012,Sailing,NED,NZL,1
2012,Sailing,NED,POL,1
2012,Sailing,NZL,AUS,1
2012,Sailing,NZL,DEN,1
2012,Sailing,NZL,GBR,1
2012,Sailing,NZL,NED,1
2012,Sailing,POL,ESP,1
2012,Sailing,POL,FIN,1
2012,Sailing,POL,GBR,1
2012,Sailing,POL,NED,1
2012,Sailing,SWE,AUS,1
2012,Sailing,SWE,BRA,1
2012,Sailing,SWE,CYP,1
2012,Sailing,SWE,GBR,1
2012,Shooting,BEL,BLR,1
2012,Shooting,BEL,SLO,1
2012,Shooting,BLR,BEL,1
2012,Shooting,BLR,SLO,1
2012,Shooting,CHN,CUB,1
2012,Shooting,CHN,FRA,1
2012,Shooting,CHN,IND,1
2012,Shooting,CHN,KOR,2
2012,Shooting,CHN,POL,1
2012,Shooting,CHN,SVK,1
2012,Shooting,CHN,UKR,2
2012,Shooting,CHN,USA,1
2012,Shooting,CRO,ITA,1
2012,Shooting,CRO,KUW,1
2012,Shooting,CUB,CHN,1
2012,Shooting,CUB,IND,1
2012,Shooting,CZE,SRB,1
2012,Shooting,CZE,USA,1
2012,Shooting,DEN,QAT,1
2012,Shooting,DEN,USA,1
2012,Shooting,FRA,CHN,1
2012,Shooting,FRA,ITA,1
2012,Shooting,FRA,SVK,1
2012,Shooting,FRA,UKR,1
2012,Shooting,GBR,RUS,1
2012,Shooting,GBR,SWE,1
2012,Shooting,IND,CHN,1
2012,Shooting,IND,CUB,1
2012,Shooting,IND,ITA,1
2012,Shooting,IND,ROU,1
2012,Shooting,ITA,CRO,1
2012,Shooting,ITA,FRA,1
2012,Shooting,ITA,IND,1
2012,Shooting,ITA,KOR,2
2012,Shooting,ITA,KUW,1
2012,Shooting,ITA,ROU,1
2012,Shooting,ITA,SRB,1
2012,Shooting,ITA,SVK,1
2012,Shooting,ITA,USA,1
2012,Shooting,KOR,CHN,2
2012,Shooting,KOR,ITA,2
2012,Shooting,KOR,SRB,1
2012,Shooting,KOR,UKR,1
2012,Shooting,KOR,USA,1
2012,Shooting,KUW,CRO,1
2012,Shooting,KUW,ITA,1
2012,Shooting,POL,CHN,1
2012,Shooting,QAT,DEN,1
2012,Shooting,QAT,USA,1
2012,Shooting,ROU,IND,1
2012,Shooting,ROU,ITA,1
2012,Shooting,RUS,GBR,1
2012,Shooting,RUS,SWE,1
2012,Shooting,SLO,BEL,1
2012,Shooting,SLO,BLR,1
2012,Shooting,SRB,CZE,1
2012,Shooting,SRB,ITA,1
2012,Shooting,SRB,KOR,1
2012,Shooting,SRB,USA,1
2012,Shooting,SVK,CHN,1
2012,Shooting,SVK,FRA,1
2012,Shooting,SVK,ITA,1
2012,Shooting,SVK,USA,1
2012,Shooting,SWE,GBR,1
2012,Shooting,SWE,RUS,1
2012,Shooting,UKR,CHN,2
2012,Shooting,UKR,FRA,1
2012,Shooting,UKR,KOR,1
2012,Shooting,USA,CHN,1
2012,Shooting,USA,CZE,1
2012,Shooting,USA,DEN,1
2012,Shooting,USA,ITA,1
2012,Shooting,USA,KOR,1
2012,Shooting,USA,QAT,1
2012,Shooting,USA,SRB,1
2012,Shooting,USA,SVK,1
2012,"Table Tennis",CHN,GER,2
2012,"Table Tennis",CHN,JPN,1
2012,"Table Tennis",CHN,KOR,1
2012,"Table Tennis",CHN,SGP,2
2012,"Table Tennis",GER,CHN,2
2012,"Table Tennis",GER,KOR,1
2012,"Table Tennis",JPN,CHN,1
2012,"Table Tennis",JPN,SGP,1
2012,"Table Tennis",KOR,CHN,1
2012,"Table Tennis",KOR,GER,1
2012,"Table Tennis",SGP,CHN,2
2012,"Table Tennis",SGP,JPN,1
2012,Taekwondo,AFG,IRI,1
2012,Taekwondo,AFG,TUR,1
2012,Taekwondo,ARG,ESP,1
2012,Taekwondo,ARG,GBR,1
2012,Taekwondo,ARG,ITA,1
2012,Taekwondo,CHN,CRO,1
2012,Taekwondo,CHN,ESP,1
2012,Taekwondo,CHN,FRA,1
2012,Taekwondo,CHN,GAB,1
2012,Taekwondo,CHN,GBR,1
2012,Taekwondo,CHN,ITA,1
2012,Taekwondo,CHN,THA,1
2012,Taekwondo,CHN,TPE,1
2012,Taekwondo,COL,ESP,1
2012,Taekwondo,COL,KOR,1
2012,Taekwondo,CRO,CHN,1
2012,Taekwondo,CRO,ESP,1
2012,Taekwondo,CUB,GAB,1
2012,Taekwondo,CUB,ITA,1
2012,Taekwondo,ESP,ARG,1
2012,Taekwondo,ESP,CHN,1
2012,Taekwondo,ESP,COL,1
2012,Taekwondo,ESP,CRO,1
2012,Taekwondo,ESP,GBR,1
2012,Taekwondo,ESP,ITA,1
2012,Taekwondo,ESP,KOR,1
2012,Taekwondo,ESP,RUS,1
2012,Taekwondo,ESP,THA,1
2012,Taekwondo,FRA,CHN,1
2012,Taekwondo,FRA,GBR,1
2012,Taekwondo,FRA,MEX,1
2012,Taekwondo,FRA,RUS,1
2012,Taekwondo,FRA,SRB,1
2012,Taekwondo,GAB,CHN,1
2012,Taekwondo,GAB,CUB,1
2012,Taekwondo,GAB,ITA,1
2012,Taekwondo,GBR,ARG,1
2012,Taekwondo,GBR,CHN,1
2012,Taekwondo,GBR,ESP,1
2012,Taekwondo,GBR,FRA,1
2012,Taekwondo,GBR,TPE,1
2012,Taekwondo,GER,KOR,1
2012,Taekwondo,GER,TUR,1
2012,Taekwondo,IRI,AFG,1
2012,Taekwondo,IRI,TUR,1
2012,Taekwondo,IRI,USA,1
2012,Taekwondo,ITA,ARG,1
2012,Taekwondo,ITA,CHN,1
2012,Taekwondo,ITA,CUB,1
2012,Taekwondo,ITA,ESP,1
2012,Taekwondo,ITA,GAB,1
2012,Taekwondo,KOR,COL,1
2012,Taekwondo,KOR,ESP,1
2012,Taekwondo,KOR,GER,1
2012,Taekwondo,KOR,RUS,1
2012,Taekwondo,KOR,TUR,1
2012,Taekwondo,KOR,USA,1
2012,Taekwondo,MEX,FRA,1
2012,Taekwondo,MEX,SRB,1
2012,Taekwondo,RUS,ESP,1
2012,Taekwondo,RUS,FRA,1
2012,Taekwondo,RUS,KOR,1
2012,Taekwondo,RUS,SRB,1
2012,Taekwondo,SRB,FRA,1
2012,Taekwondo,SRB,MEX,1
2012,Taekwondo,SRB,RUS,1
2012,Taekwondo,THA,CHN,1
2012,Taekwondo,THA,ESP,1
2012,Taekwondo,TPE,CHN,1
2012,Taekwondo,TPE,GBR,1
2012,Taekwondo,TUR,AFG,1
2012,Taekwondo,TUR,GER,1
2012,Taekwondo,TUR,IRI,1
2012,Taekwondo,TUR,KOR,1
2012,Taekwondo,TUR,USA,2
2012,Taekwondo,USA,IRI,1
2012,Taekwondo,USA,KOR,1
2012,Taekwondo,USA,TUR,2
2012,Tennis,ARG,GBR,1
2012,Tennis,ARG,SUI,1
2012,Tennis,BLR,GBR,2
2012,Tennis,BLR,RUS,1
2012,Tennis,BLR,USA,3
2012,Tennis,CZE,RUS,1
2012,Tennis,CZE,USA,1
2012,Tennis,FRA,USA,1
2012,Tennis,GBR,ARG,1
2012,Tennis,GBR,BLR,2
2012,Tennis,GBR,SUI,1
2012,Tennis,GBR,USA,2
2012,Tennis,RUS,BLR,1
2012,Tennis,RUS,CZE,1
2012,Tennis,RUS,USA,2
2012,Tennis,SUI,ARG,1
2012,Tennis,SUI,GBR,1
2012,Tennis,USA,BLR,3
2012,Tennis,USA,CZE,1
2012,Tennis,USA,FRA,1
2012,Tennis,USA,GBR,2
2012,Tennis,USA,RUS,2
2012,Triathlon,AUS,SUI,1
2012,Triathlon,AUS,SWE,1
2012,Triathlon,ESP,GBR,1
2012,Triathlon,GBR,ESP,1
2012,Triathlon,SUI,AUS,1
2012,Triathlon,SUI,SWE,1
2012,Triathlon,SWE,AUS,1
2012,Triathlon,SWE,SUI,1
2012,Volleyball,BRA,GER,1
2012,Volleyball,BRA,ITA,1
2012,Volleyball,BRA,JPN,1
2012,Volleyball,BRA,LAT,1
2012,Volleyball,BRA,RUS,1
2012,Volleyball,BRA,USA,2
2012,Volleyball,GER,BRA,1
2012,Volleyball,GER,LAT,1
2012,Volleyball,ITA,BRA,1
2012,Volleyball,ITA,RUS,1
2012,Volleyball,JPN,BRA,1
2012,Volleyball,JPN,USA,1
2012,Volleyball,LAT,BRA,1
2012,Volleyball,LAT,GER,1
2012,Volleyball,RUS,BRA,1
2012,Volleyball,RUS,ITA,1
2012,Volleyball,USA,BRA,2
2012,Volleyball,USA,JPN,1
2012,Weightlifting,AZE,CHN,1
2012,Weightlifting,AZE,PRK,1
2012,Weightlifting,CAN,RUS,1
2012,Weightlifting,CHN,AZE,1
2012,Weightlifting,CHN,CUB,1
2012,Weightlifting,CHN,INA,1
2012,Weightlifting,CHN,JPN,1
2012,Weightlifting,CHN,KOR,1
2012,Weightlifting,CHN,PRK,2
2012,Weightlifting,CHN,ROU,1
2012,Weightlifting,CHN,RUS,1
2012,Weightlifting,CHN,THA,1
2012,Weightlifting,CMR,EGY,1
2012,Weightlifting,CMR,ESP,1
2012,Weightlifting,COL,INA,1
2012,Weightlifting,COL,PRK,1
2012,Weightlifting,CUB,CHN,1
2012,Weightlifting,EGY,CMR,1
2012,Weightlifting,EGY,ESP,1
2012,Weightlifting,EGY,IRI,1
2012,Weightlifting,EGY,POL,1
2012,Weightlifting,ESP,CMR,1
2012,Weightlifting,ESP,EGY,1
2012,Weightlifting,INA,CHN,1
2012,Weightlifting,INA,COL,1
2012,Weightlifting,INA,PRK,1
2012,Weightlifting,INA,ROU,1
2012,Weightlifting,INA,TPE,1
2012,Weightlifting,INA,UKR,1
2012,Weightlifting,IRI,EGY,1
2012,Weightlifting,IRI,KOR,1
2012,Weightlifting,IRI,POL,2
2012,Weightlifting,IRI,RUS,1
2012,Weightlifting,IRI,UKR,1
2012,Weightlifting,JPN,CHN,1
2012,Weightlifting,JPN,PRK,1
2012,Weightlifting,KAZ,PRK,1
2012,Weightlifting,KAZ,ROU,1
2012,Weightlifting,KOR,CHN,1
2012,Weightlifting,KOR,IRI,1
2012,Weightlifting,KOR,RUS,1
2012,Weightlifting,POL,EGY,1
2012,Weightlifting,POL,IRI,2
2012,Weightlifting,POL,UKR,1
2012,Weightlifting,PRK,AZE,1
2012,Weightlifting,PRK,CHN,2
2012,Weightlifting,PRK,COL,1
2012,Weightlifting,PRK,INA,1
2012,Weightlifting,PRK,JPN,1
2012,Weightlifting,PRK,KAZ,1
2012,Weightlifting,PRK,ROU,1
2012,Weightlifting,ROU,CHN,1
2012,Weightlifting,ROU,INA,1
2012,Weightlifting,ROU,KAZ,1
2012,Weightlifting,ROU,PRK,1
2012,Weightlifting,RUS,CAN,1
2012,Weightlifting,RUS,CHN,1
2012,Weightlifting,RUS,IRI,1
2012,Weightlifting,RUS,KOR,1
2012,Weightlifting,THA,CHN,1
2012,Weightlifting,TPE,INA,1
2012,Weightlifting,TPE,UKR,1
2012,Weightlifting,UKR,INA,1
2012,Weightlifting,UKR,IRI,1
2012,Weightlifting,UKR,POL,1
2012,Weightlifting,UKR,TPE,1
2012,Wrestling,ARM,AZE,1
2012,Wrestling,ARM,IRI,1
2012,Wrestling,ARM,LTU,1
2012,Wrestling,ARM,RUS,2
2012,Wrestling,AZE,ARM,1
2012,Wrestling,AZE,CAN,2
2012,Wrestling,AZE,GEO,1
2012,Wrestling,AZE,HUN,1
2012,Wrestling,AZE,IND,1
2012,Wrestling,AZE,IRI,2
2012,Wrestling,AZE,JPN,2
2012,Wrestling,AZE,PUR,1
2012,Wrestling,AZE,RUS,2
2012,Wrestling,AZE,UKR,1
2012,Wrestling,AZE,USA,3
2012,Wrestling,BUL,ESP,1
2012,Wrestling,BUL,KAZ,1
2012,Wrestling,BUL,RUS,1
2012,Wrestling,CAN,AZE,2
2012,Wrestling,CAN,COL,1
2012,Wrestling,CAN,JPN,2
2012,Wrestling,CHN,JPN,1
2012,Wrestling,CHN,MGL,1
2012,Wrestling,CHN,RUS,1
2012,Wrestling,COL,CAN,1
2012,Wrestling,COL,JPN,1
2012,Wrestling,CUB,EST,1
2012,Wrestling,CUB,IND,1
2012,Wrestling,CUB,JPN,1
2012,Wrestling,CUB,SWE,1
2012,Wrestling,CUB,TUR,1
2012,Wrestling,EGY,KAZ,1
2012,Wrestling,EGY,POL,1
2012,Wrestling,EGY,RUS,1
2012,Wrestling,ESP,BUL,1
2012,Wrestling,ESP,RUS,1
2012,Wrestling,EST,CUB,1
2012,Wrestling,EST,SWE,1
2012,Wrestling,EST,TUR,1
2012,Wrestling,FRA,HUN,1
2012,Wrestling,FRA,KOR,1
2012,Wrestling,GEO,AZE,1
2012,Wrestling,GEO,HUN,1
2012,Wrestling,GEO,IRI,2
2012,Wrestling,GEO,JPN,2
2012,Wrestling,GEO,KOR,1
2012,Wrestling,GEO,PRK,1
2012,Wrestling,GEO,PUR,1
2012,Wrestling,GEO,RUS,3
2012,Wrestling,GEO,UKR,1
2012,Wrestling,GEO,USA,1
2012,Wrestling,GEO,UZB,1
2012,Wrestling,HUN,AZE,1
2012,Wrestling,HUN,FRA,1
2012,Wrestling,HUN,GEO,1
2012,Wrestling,HUN,IRI,2
2012,Wrestling,HUN,KOR,1
2012,Wrestling,HUN,USA,1
2012,Wrestling,IND,AZE,1
2012,Wrestling,IND,CUB,1
2012,Wrestling,IND,JPN,1
2012,Wrestling,IND,KAZ,1
2012,Wrestling,IRI,ARM,1
2012,Wrestling,IRI,AZE,2
2012,Wrestling,IRI,GEO,2
2012,Wrestling,IRI,HUN,2
2012,Wrestling,IRI,JPN,1
2012,Wrestling,IRI,PUR,1
2012,Wrestling,IRI,RUS,4
2012,Wrestling,IRI,SWE,1
2012,Wrestling,IRI,USA,1
2012,Wrestling,IRI,UZB,1
2012,Wrestling,JPN,AZE,2
2012,Wrestling,JPN,CAN,2
2012,Wrestling,JPN,CHN,1
2012,Wrestling,JPN,COL,1
2012,Wrestling,JPN,CUB,1
2012,Wrestling,JPN,GEO,2
2012,Wrestling,JPN,IND,1
2012,Wrestling,JPN,IRI,1
2012,Wrestling,JPN,KAZ,1
2012,Wrestling,JPN,MGL,1
2012,Wrestling,JPN,RUS,2
2012,Wrestling,JPN,USA,1
2012,Wrestling,KAZ,BUL,1
2012,Wrestling,KAZ,EGY,1
2012,Wrestling,KAZ,IND,1
2012,Wrestling,KAZ,JPN,1
2012,Wrestling,KAZ,RUS,2
2012,Wrestling,KOR,FRA,1
2012,Wrestling,KOR,GEO,1
2012,Wrestling,KOR,HUN,1
2012,Wrestling,LTU,ARM,1
2012,Wrestling,LTU,RUS,1
2012,Wrestling,MGL,CHN,1
2012,Wrestling,MGL,JPN,1
2012,Wrestling,POL,EGY,1
2012,Wrestling,POL,RUS,1
2012,Wrestling,PRK,GEO,1
2012,Wrestling,PRK,RUS,1
2012,Wrestling,PUR,AZE,1
2012,Wrestling,PUR,GEO,1
2012,Wrestling,PUR,IRI,1
2012,Wrestling,RUS,ARM,2
2012,Wrestling,RUS,AZE,2
2012,Wrestling,RUS,BUL,1
2012,Wrestling,RUS,CHN,1
2012,Wrestling,RUS,EGY,1
2012,Wrestling,RUS,ESP,1
2012,Wrestling,RUS,GEO,3
2012,Wrestling,RUS,IRI,4
2012,Wrestling,RUS,JPN,2
2012,Wrestling,RUS,KAZ,2
2012,Wrestling,RUS,LTU,1
2012,Wrestling,RUS,POL,1
2012,Wrestling,RUS,PRK,1
2012,Wrestling,RUS,SWE,1
2012,Wrestling,RUS,USA,1
2012,Wrestling,RUS,UZB,1
2012,Wrestling,SWE,CUB,1
2012,Wrestling,SWE,EST,1
2012,Wrestling,SWE,IRI,1
2012,Wrestling,SWE,RUS,1
2012,Wrestling,TUR,CUB,1
2012,Wrestling,TUR,EST,1
2012,Wrestling,UKR,AZE,1
2012,Wrestling,UKR,GEO,1
2012,Wrestling,UKR,USA,1
2012,Wrestling,USA,AZE,3
2012,Wrestling,USA,GEO,1
2012,Wrestling,USA,HUN,1
2012,Wrestling,USA,IRI,1
2012,Wrestling,USA,JPN,1
2012,Wrestling,USA,RUS,1
2012,Wrestling,USA,UKR,1
2012,Wrestling,UZB,GEO,1
2012,Wrestling,UZB,IRI,1
2012,Wrestling,UZB,RUS,1
